30.0568138294911,-27.4158932343125,2.58623161148678,-5.29816152011814E-19,0
29.9717375205073,-27.3631029343233,2.58623275115347,2.27651311284576E-05,0.1
29.886661101511,-27.3103128341027,2.58623617015443,4.55302890376977E-05,0.2
29.8015844635083,-27.2575231241062,2.58624186849235,6.82955005032494E-05,0.3
29.7165074995137,-27.2047340343706,2.5862498461717,9.10607922901379E-05,0.4
29.6314300975064,-27.1519457343966,2.58626010319872,0.000113826191148,0.5
29.5463521495112,-27.0991584444419,2.58627263958146,0.000136591723804,0.6
29.4612735465053,-27.0463723544963,2.58628745532974,0.000159357416961,0.7
29.3761941794946,-26.9935876741074,2.58630455045517,0.00018212329729,0.8
29.291113938496,-26.9408046044409,2.58632392497112,0.000204889391423,0.9
29.2060327145155,-26.8880233340897,2.58634557889275,0.000227655725954,1
29.120950398501,-26.8352440744638,2.58636951223701,0.000250422327425,1.1
29.035866881517,-26.7824670244008,2.58639572502258,0.00027318922233,1.2
28.9507820534927,-26.729692384135,2.58642421726994,0.000295956437101,1.3
28.8656958054926,-26.6769203543663,2.58645498900132,0.000318723998111,1.4
28.7806080295122,-26.6241511441767,2.5864880402407,0.000341491931661,1.5
28.6955186155101,-26.5713849342428,2.58652337101384,0.000364260263982,1.6
28.6104274535028,-26.5186219443567,2.58656098134822,0.000387029021223,1.7
28.5253344355151,-26.4658623645082,2.58660087127307,0.00040979822945,1.8
28.4402394515055,-26.4131064042449,2.58664304081936,0.000432567914641,1.9
28.3551423925091,-26.3603542544879,2.58668749001979,0.000455338102678,2
28.2700431504927,-26.3076061243191,2.5867342189088,0.000478108819342,2.1
28.1849416134937,-26.2548622041941,2.58678322752251,0.000500880090313,2.2
28.099837675516,-26.2021227041259,2.58683451589878,0.000523651941155,2.3
28.0147312245099,-26.149387834128,2.58688808407716,0.000546424397321,2.4
27.9296221535187,-26.0966577744111,2.5869439320989,0.000569197484141,2.5
27.8445103515114,-26.043932734523,2.58700206000695,0.000591971226819,2.6
27.7593957105128,-25.9912129142322,2.5870624678459,0.000614745650427,2.7
27.6742781214998,-25.9384985244833,2.58712515566204,0.0006375207799,2.8
27.5891574745183,-25.8857897543348,2.58719012350331,0.000660296640034,2.9
27.5040336594975,-25.8330868044868,2.58725737141931,0.000683073255474,3
27.41890656951,-25.7803898844868,2.58732689946125,0.000705850650713,3.1
27.3337760934955,-25.7276991843246,2.587398707682,0.000728628850088,3.2
27.248642123508,-25.6750149144791,2.58747279613604,0.000751407877772,3.3
27.1635045495059,-25.6223372644745,2.58754916487945,0.000774187757769,3.4
27.0783632624953,-25.569666444324,2.58762781396992,0.000796968513908,3.5
26.9932181535114,-25.5170026645064,2.5877087434667,0.000819750169842,3.6
26.9080691125127,-25.4643461043015,2.58779195343063,0.000842532749038,3.7
26.8229160305054,-25.4116969741881,2.58787744392411,0.000865316274773,3.8
26.7377587995143,-25.3590554744005,2.58796521501108,0.00088810077013,3.9
26.6525973094976,-25.3064218144864,2.58805526675702,0.000910886257991,4
26.5674314515199,-25.2537961741909,2.58814759922893,0.000933672761033,4.1
26.4822611155105,-25.2011787742376,2.5882422124953,0.000956460301721,4.2
26.3970861925045,-25.1485698143952,2.58833910662612,0.000979248902306,4.3
26.3119065744977,-25.0959694841877,2.58843828169288,0.001002038584816,4.4
26.2267221505172,-25.0433779843152,2.58853973776849,0.001024829371051,4.5
26.141532813519,-24.9907955341041,2.58864347492734,0.001047621282583,4.6
26.0563384515117,-24.9382223142311,2.58874949324524,0.001070414340742,4.7
25.9711389584991,-24.8856585342437,2.58885779279941,0.001093208566618,4.8
25.8859342225187,-24.8331043841317,2.58896837366847,0.001116003981052,4.9
25.8007241355081,-24.780560084153,2.58908123593243,0.001138800604633,5
25.7155085885024,-24.7280258242972,2.58919637967266,0.001161598457688,5.1
25.6302874715184,-24.6755018043332,2.58931380497186,0.001184397560283,5.2
25.5450606764934,-24.6229882342741,2.58943351191409,0.001207197932214,5.3
25.4598280935024,-24.5704852943309,2.5895555005847,0.001229999593001,5.4
25.3745896125038,-24.5179932042956,2.58967977107034,0.001252802561885,5.5
25.2893451265118,-24.4655121644028,2.58980632345892,0.001275606857822,5.6
25.2040945244953,-24.4130423641764,2.58993515783963,0.001298412499476,5.7
25.1188376975188,-24.3605840140954,2.59006627430287,0.001321219505215,5.8
25.033574536501,-24.3081373041496,2.59019967294027,0.001344027893107,5.9
24.9483049325063,-24.2557024541311,2.59033535384465,0.001366837680911,6
24.8630287754931,-24.2032796442509,2.59047331710999,0.001389648886076,6.1
24.777745958505,-24.1508690845221,2.59061356283145,0.001412461525731,6.2
24.692456369492,-24.0984709844925,2.59075609110529,0.001435275616684,6.3
24.6071599005081,-24.0460855243728,2.59090090202891,0.001458091175413,6.4
24.5218564425013,-23.9937129244208,2.59104799570077,0.001480908218064,6.5
24.4365458865068,-23.9413533741608,2.59119737222041,0.001503726760444,6.6
24.3512281225121,-23.8890070845373,2.59134903168842,0.001526546818013,6.7
24.2659030425129,-23.8366742343642,2.59150297420637,0.001549368405883,6.8
24.1805705355073,-23.7843550541438,2.59165919987688,0.001572191538811,6.9
24.0952304935199,-23.7320497240871,2.5918177088035,0.001595016231193,7
24.0098828074988,-23.6797584542073,2.59197850109074,0.001617842497059,7.1
23.9245273675187,-23.6274814442731,2.59214157684404,0.001640670350066,7.2
23.8391640655173,-23.5752188842744,2.59230693616971,0.001663499803497,7.3
23.7537927904923,-23.5229709944688,2.59247457917498,0.00168633087025,7.4
23.6684134344978,-23.470737954136,2.59264450596787,0.001709163562837,7.5
23.5830258885107,-23.4185199844651,2.59281671665726,0.001731997893376,7.6
23.4976300425187,-23.3663172745146,2.5929912113528,0.001754833873587,7.7
23.4122257874988,-23.3141300245188,2.59316799016493,0.001777671514786,7.8
23.3268130145152,-23.261958444491,2.59334705320482,0.00180051082788,7.9
23.241391614516,-23.209802724421,2.59352840058433,0.00182335182336,8
23.1559614785074,-23.157663074322,2.59371203241604,0.001846194511297,8.1
23.0705224955163,-23.1055396841839,2.59389794881317,0.001869038901337,8.2
22.985074558499,-23.0534327644855,2.59408614988955,0.001891885002695,8.3
22.8996175575012,-23.0013425042853,2.59427663575963,0.001914732824149,8.4
22.8141513825103,-22.9492691243067,2.59446940653843,0.001937582374034,8.5
22.728675925493,-22.8972128042951,2.5946644623415,0.001960433660239,8.6
22.643191076495,-22.8451737645082,2.5948618032849,0.0019832866902,8.7
22.5576967275119,-22.7931521944702,2.59506142948518,0.002006141470893,8.8
22.4721927675127,-22.7411482944153,2.59526334105931,0.002028998008832,8.9
22.3866790884931,-22.6891622641124,2.5954675381247,0.00205185631006,9
22.3011555804987,-22.6371943042614,2.59567402079915,0.002074716380147,9.1
22.2156221354962,-22.5852446244098,2.5958827892008,0.002097578224181,9.2
22.1300786435022,-22.5333134243265,2.59609384344812,0.002120441846766,9.3
22.0445249945042,-22.4814008944668,2.59630718365985,0.002143307252013,9.4
21.9589610815165,-22.4295072443783,2.59652280995501,0.002166174443536,9.5
21.8733867925184,-22.3776326645166,2.59674072245282,0.002189043424449,9.6
21.7878020204953,-22.325777374208,2.59696092127272,0.002211914197357,9.7
21.7022066554928,-22.2739415541291,2.59718340653426,0.002234786764351,9.8
21.616600588517,-22.2221254142933,2.59740817835716,0.002257661127005,9.9
21.5309837094974,-22.170329164248,2.59763523686117,0.002280537286366,10
21.4453559105168,-22.1185529944487,2.59786458216615,0.002303415242956,10.1
21.3597170815046,-22.0667970944196,2.59809621439192,0.002326294996757,10.2
21.2740671134961,-22.0150616941974,2.59833013365832,0.002349176547212,10.3
21.1884058974974,-21.963346964214,2.59856634008511,0.002372059893218,10.4
21.1027333234961,-21.9116531242616,2.59880483379195,0.002394945033121,10.5
21.0170492835168,-21.859980374109,2.59904561489839,0.002417831964708,10.6
20.9313536675181,-21.8083289144561,2.59928868352381,0.002440720685205,10.7
20.8456463665061,-21.7566989343613,2.59953403978736,0.002463611191267,10.8
20.7599272704974,-21.7050906443037,2.59978168380796,0.002486503478978,10.9
20.6741962725064,-21.6535042445175,2.60003161570426,0.002509397543841,11
20.5884532605123,-21.6019399343058,2.60028383559457,0.002532293380775,11.1
20.5026981275005,-21.5503979143687,2.60053834359684,0.002555190984107,11.2
20.4169307635166,-21.4988783844747,2.60079513982863,0.00257809034757,11.3
20.331151058519,-21.4473815443926,2.60105422440706,0.002600991464293,11.4
20.2453589045035,-21.3959076041356,2.60131559744875,0.002623894326801,11.5
20.1595541925053,-21.3444567541592,2.60157925906982,0.002646798927004,11.6
20.0737368114933,-21.2930292044766,2.60184520938583,0.002669705256194,11.7
19.9879066534922,-21.2416251441464,2.60211344851171,0.00269261330504,11.8
19.9020636095083,-21.190244784113,2.60238397656177,0.002715523063582,11.9
19.8162075705186,-21.1388883143663,2.60265679364962,0.002738434521225,12
19.7303384265106,-21.0875559542328,2.60293189988815,0.002761347666732,12.1
19.6444560685195,-21.036247884389,2.60320929538946,0.002784262488223,12.2
19.5585603874933,-20.9849643143825,2.60348898026485,0.002807178973164,12.3
19.4726512735069,-20.9337054444477,2.60377095462476,0.002830097108365,12.4
19.3867286184977,-20.8824714841321,2.60405521857871,0.002853016879973,12.5
19.3007923125115,-20.8312626243569,2.60434177223529,0.002875938273467,12.6
19.2148422475148,-20.7800790541805,2.60463061570209,0.002898861273654,12.7
19.1288783125055,-20.7289210041054,2.60492174908566,0.002921785864658,12.8
19.0429003995087,-20.6777886543423,2.60521517249147,0.002944712029921,12.9
18.9569083985116,-20.6266822041944,2.60551088602385,0.002967639752195,13
18.8709022004914,-20.5756018641405,2.60580888978598,0.002990569013534,13.1
18.784881697502,-20.524547834415,2.6061091838798,0.003013499795291,13.2
18.6988467785122,-20.473520304542,2.60641176840598,0.003036432078113,13.3
18.6127973355178,-20.4225194943137,2.60671664346387,0.003059365841933,13.4
18.5267332594958,-20.3715455844067,2.60702380915148,0.003082301065968,13.5
18.4406544395024,-20.3205987843685,2.60733326556539,0.003105237728708,13.6
18.3545607684937,-20.2696793042123,2.60764501280071,0.003128175807917,13.7
18.2684521354968,-20.2187873343937,2.60795905095106,0.003151115280621,13.8
18.1823284325073,-20.1679230742157,2.6082753801085,0.003174056123109,13.9
18.0961895505025,-20.1170867243782,2.60859400036348,0.00319699831092,14
18.0100353785092,-20.0662784944288,2.60891491180479,0.003219941818845,14.1
17.9238658095128,-20.0154985743575,2.6092381145195,0.003242886620917,14.2
17.8376807325112,-19.9647471741773,2.60956360859296,0.003265832690404,14.3
17.7514800395002,-19.9140244941227,2.60989139410867,0.003288779999809,14.4
17.6652636204963,-19.8633307241835,2.61022147114829,0.00331172852086,14.5
17.5790313674952,-19.8126660841517,2.61055383979156,0.003334678224505,14.6
17.4927831694949,-19.7620307542384,2.61088850011627,0.003357629080909,14.7
17.4065189184912,-19.7114249444567,2.61122545219817,0.003380581059444,14.8
17.3202385055192,-19.6608488541096,2.61156469611097,0.003403534128688,14.9
17.2339418195188,-19.6103026941419,2.61190623192623,0.003426488256417,15
17.1476287544938,-19.5597866545431,2.61225005971335,0.003449443409601,15.1
17.0612991974922,-19.5093009341508,2.6125961795395,0.003472399554396,15.2
16.9749530425179,-19.4588457341306,2.61294459146955,0.003495356656141,15.3
16.8885901785106,-19.4084212742746,2.61329529556606,0.00351831467935,15.4
16.8022104974953,-19.3580277240835,2.61364829188916,0.00354127358771,15.5
16.7158138884988,-19.3076653145254,2.61400358049656,0.003564233344073,15.6
16.6294002445065,-19.2573342244141,2.61436116144346,0.003587193910449,15.7
16.5429694545164,-19.2070346642286,2.61472103478248,0.003610155248005,15.8
16.456521410495,-19.1567668342032,2.61508320056364,0.003633117317055,15.9
16.3700560025172,-19.1065309341066,2.61544765883429,0.003656080077058,16
16.2835731205123,-19.0563271543942,2.61581440963904,0.00367904348661,16.1
16.1970726574946,-19.0061557241716,2.61618345301971,0.003702007503439,16.2
16.1105545035098,-18.9560168143362,2.61655478901526,0.003724972084402,16.3
16.0240185485163,-18.9059106442146,2.61692841766178,0.003747937185476,16.4
15.9374646834913,-18.8558374042623,2.61730433899237,0.003770902761753,16.5
15.850892799499,-18.8057973044924,2.61768255303711,0.003793868767439,16.6
15.7643027875165,-18.7557905344293,2.618063059823,0.003816835155842,16.7
15.6776945384918,-18.7058173040859,2.61844585937391,0.003839801879371,16.8
15.5910679424996,-18.6558778043836,2.61883095171048,0.00386276888953,16.9
15.5044228905172,-18.6059722541831,2.61921833685011,0.003885736136911,17
15.4177592734923,-18.556100834161,2.61960801480687,0.00390870357119,17.1
15.3310769825184,-18.5062637543306,2.61999998559146,0.00393167114112,17.2
15.2443759085145,-18.4564612242393,2.62039424921111,0.003954638794529,17.3
15.1576559414971,-18.4066934240982,2.62079080566955,0.00397760647831,17.4
15.0709169725014,-18.356960574165,2.62118965496695,0.004000574138418,17.5
14.9841588925046,-18.3072628644295,2.62159079709983,0.004023541719868,17.6
14.8973815925128,-18.2576004941948,2.62199423206104,0.004046509166721,17.7
14.8105849635031,-18.2079736744054,2.62239995983964,0.004069476422089,17.8
14.723768895492,-18.1583826043643,2.6228079804209,0.004092443428121,17.9
14.6369332795148,-18.1088274745271,2.62321829378617,0.004115410126002,18
14.5500780065195,-18.0593084944412,2.62363089991288,0.004138376455949,18.1
14.4632029664936,-18.0098258540966,2.62404579877441,0.0041613423572,18.2
14.3763080525096,-17.9603797742166,2.6244629903401,0.004184307768016,18.3
14.2893931525177,-17.9109704443254,2.62488247457512,0.00420727262567,18.4
14.2024581595033,-17.8615980544128,2.62530425144042,0.004230236866444,18.5
14.115502963512,-17.8122628242709,2.62572832089268,0.004253200425625,18.6
14.0285274545022,-17.7629649443552,2.62615468288425,0.004276163237496,18.7
13.9415315244987,-17.7137046144344,2.62658333736305,0.004299125235335,18.8
13.8545150635182,-17.6644820342772,2.62701428427253,0.004322086351408,18.9
13.7674779625086,-17.6152974143624,2.62744752355159,0.004345046516963,19
13.6804201125051,-17.5661509544589,2.62788305513451,0.004368005662225,19.1
13.5933414045139,-17.5170428440906,2.6283208789509,0.004390963716393,19.2
13.5062417284935,-17.4679732942022,2.62876099492561,0.004413920607633,19.3
13.4191209764977,-17.4189425040968,2.62920340297868,0.004436876263071,19.4
13.3319790374953,-17.3699506642297,2.62964810302525,0.004459830608794,19.5
13.2448158045008,-17.3209979943931,2.6300950949755,0.004482783569837,19.6
13.1576311665121,-17.2720846743323,2.63054437873459,0.004505735070185,19.7
13.0704250154959,-17.223210924305,2.63099595420259,0.004528685032763,19.8
12.9831972405082,-17.1743769343011,2.63144982127436,0.004551633379434,19.9
12.8959477345052,-17.1255829040892,2.63190597983957,0.004574580030992,20
12.8086763875035,-17.0768290343694,2.63236442978255,0.004597524907159,20.1
12.7213830895198,-17.0281155342236,2.63282517098224,0.004620467926578,20.2
12.6340677324915,-16.9794425941072,2.63328820331214,0.004643409006808,20.3
12.5467302064935,-16.9308104244992,2.63375352664022,0.004666348064322,20.4
12.4593704025028,-16.8822192242369,2.63422114082885,0.004689285014499,20.5
12.3719882114965,-16.833669194486,2.63469104573472,0.00471221977162,20.6
12.2845835234912,-16.785160524305,2.63516324120876,0.004735152248865,20.7
12.1971562305116,-16.7366934241727,2.63563772709612,0.004758082358304,20.8
12.1097062225163,-16.6882680943236,2.63611450323601,0.004781010010897,20.9
12.0222333894926,-16.6398847443052,2.6365935694617,0.004803935116486,21
11.9347376245132,-16.5915435543284,2.63707492560041,0.00482685758379,21.1
11.8472188165179,-16.5432447441854,2.63755857147323,0.004849777320403,21.2
11.7596768575022,-16.4949885043316,2.63804450689507,0.004872694232788,21.3
11.672111637512,-16.4467750443146,2.63853273167456,0.00489560822627,21.4
11.5845230465056,-16.3986045541242,2.639023245614,0.004918519205035,21.5
11.4969109774975,-16.3504772344604,2.63951604850925,0.004941427072123,21.6
11.4092753195146,-16.3023932944052,2.64001114014968,0.004964331729425,21.7
11.3216159635049,-16.2543529341929,2.64050852031809,0.004987233077677,21.8
11.2339328005037,-16.2063563545235,2.64100818879062,0.005010131016455,21.9
11.1462257225066,-16.1584037542343,2.64151014533667,0.005033025444172,22
11.0584946185118,-16.1104953344911,2.64201438971887,0.005055916258074,22.1
10.9707393794961,-16.0626312941313,2.64252092169291,0.005078803354233,22.2
10.8829598975135,-16.0148118245415,2.64302974100757,0.005101686627546,22.3
10.7951560624933,-15.9670371543616,2.64354084740455,0.005124565971726,22.4
10.7073277654999,-15.9193074544892,2.64405424061843,0.005147441279302,22.5
10.6194748964917,-15.8716229442507,2.64456992037661,0.005170312441612,22.6
10.5315973474935,-15.8239838243462,2.64508788639919,0.005193179348802,22.7
10.4436950084928,-15.7763902842999,2.64560813839892,0.005216041889816,22.8
10.3557677715144,-15.728842524346,2.64613067608111,0.005238899952397,22.9
10.267815525498,-15.6813407544978,2.64665549914352,0.005261753423081,23
10.1798381624976,-15.6338851843029,2.64718260727635,0.005284602187193,23.1
10.0918355725007,-15.5864759944379,2.64771200016209,0.005307446128841,23.2
10.003807647503,-15.5391133944504,2.64824367747547,0.005330285130915,23.3
9.91575427650241,-15.491797584109,2.64877763888336,0.005353119075081,23.4
9.82767535149469,-15.4445287641138,2.64931388404473,0.005375947841778,23.5
9.73957076351508,-15.3973071342334,2.64985241261052,0.005398771310212,23.6
9.65144040351152,-15.3501329044811,2.65039322422357,0.005421589358357,23.7
9.5632841605111,-15.3030062643811,2.65093631851855,0.005444401862943,23.8
9.47510192749905,-15.2559274244122,2.65148169512188,0.00546720869946,23.9
9.38689359449199,-15.2088965740986,2.65202935365162,0.00549000974215,24
9.29865905150655,-15.1619139243849,2.65257929371741,0.005512804864005,24.1
9.21039818951977,-15.1149796643294,2.65313151492039,0.00553559393676,24.2
9.12211090049823,-15.0680940044113,2.65368601685308,0.005558376830896,24.3
9.03379707349814,-15.0212571541779,2.65424279909934,0.005581153415627,24.4
8.9454566015047,-14.9744692943059,2.65480186123425,0.005603923558906,24.5
8.85708937351592,-14.9277306343429,2.65536320282407,0.005626687127415,24.6
8.76869528050884,-14.8810413745232,2.65592682342608,0.005649443986563,24.7
8.68027421351871,-14.8344017141499,2.65649272258858,0.005672194000484,24.8
8.59182606451213,-14.7878118641675,2.65706089985075,0.005694937032031,24.9
8.50335072251619,-14.7412720141001,2.65763135474256,0.005717672942778,25
8.41484807850793,-14.6947823744267,2.65820408678472,0.005740401593007,25.1
8.32631802451215,-14.6483431342058,2.65877909548858,0.005763122841716,25.2
8.23776045150589,-14.6019544941373,2.65935638035603,0.005785836546608,25.3
8.14917524851626,-14.5556166744791,2.65993594087941,0.005808542564089,25.4
8.06056230649119,-14.5093298545107,2.66051777654145,0.005831240749268,25.5
7.97192151850322,-14.4630942442454,2.66110188681515,0.005853930955952,25.6
7.8832527725026,-14.4169100443833,2.66168827116374,0.005876613036642,25.7
7.79455596150365,-14.3707774542272,2.66227692904051,0.005899286842531,25.8
7.70583097450435,-14.3246966744773,2.66286785988882,0.005921952223502,25.9
7.61707770451903,-14.2786679044366,2.66346106314194,0.005944609028123,26
7.52829603949795,-14.2326913443394,2.66405653822298,0.005967257103647,26.1
7.43948587251361,-14.186767204199,2.66465428454483,0.005989896296006,26.2
7.35064709349535,-14.1408956842497,2.66525430151003,0.006012526449811,26.3
7.26177959350753,-14.0950769642368,2.66585658851069,0.006035147408348,26.4
7.17288326349808,-14.049311274197,2.66646114492842,0.006057759013575,26.5
7.08395799351274,-14.0035987943411,2.66706797013423,0.006080361106123,26.6
6.99500367449946,-13.9579397244379,2.66767706348845,0.006102953525288,26.7
6.90602019749349,-13.9123342842795,2.66828842434059,0.006125536109032,26.8
6.81700745350099,-13.8667826643214,2.66890205202932,0.00614810869398,26.9
6.72796533349901,-13.8212850540876,2.66951794588234,0.00617067111542,27
6.63889372750418,-13.7758416743018,2.67013610521631,0.006193223207295,27.1
6.54979252751218,-13.7304527042434,2.67075652933671,0.006215764802206,27.2
6.4606616224919,-13.6851183641702,2.67137921753782,0.00623829573141,27.3
6.37150090449723,-13.6398388543166,2.67200416910258,0.006260815824815,27.4
6.28231026450521,-13.5946143544279,2.67263138330252,0.006283324910978,27.5
6.19308942151838,-13.5494454642758,2.67328669981266,0.0074014366032,27.6
6.10383359051775,-13.5043424544856,2.67414414465469,0.009746716436079,27.7
6.01453313449747,-13.4593261145055,2.67523614438186,0.012092177074568,27.8
5.92517817451153,-13.4144177241251,2.67656271801223,0.01443792880212,27.9
5.83575883551384,-13.3696385943331,2.67812389095127,0.01678405197982,28
5.74626523951883,-13.3250099942088,2.67991969280309,0.019130591234331,28.1
5.65668750851182,-13.2805532342754,2.68195015479362,0.021477549633395,28.2
5.5670157665154,-13.2362895943224,2.68421530680535,0.023824882850646,28.3
5.47724013551488,-13.1922403643839,2.68671517402303,0.026172493323645,28.4
5.38735073851422,-13.1484268442728,2.68944977319016,0.028520224411506,28.5
5.29733769851737,-13.1048703142442,2.69241910847639,0.030867854561288,28.6
5.20719115750399,-13.0615920443088,2.69561437341047,0.032046407363479,28.7
5.11690961351269,-13.0185956144705,2.69854797679697,0.026627171681043,28.8
5.02651302149752,-12.9758393042721,2.70093967981034,0.02120775428545,28.9
4.9360247295117,-12.9332742341794,2.70278948707848,0.01578862342729,29
4.84546808851883,-12.890851484146,2.70409742470562,0.010369967089391,29.1
4.75486644549528,-12.8485221741721,2.7048635239769,0.004951764638673,29.2
4.66424315050244,-12.8062374144793,2.70508780983853,-0.000466141539249,29.3
4.57362155351439,-12.7639482943341,2.70477029415177,-0.005883974449635,29.4
4.48302500150749,-12.7216059244238,2.70391097371853,-0.011301950931328,29.5
4.39247684550355,-12.6791614242829,2.70250983307755,-0.016720210103369,29.6
4.30200043250807,-12.6365658743307,2.70056685207184,-0.022138741788057,29.7
4.21161911351373,-12.5937703941017,2.69808201818878,-0.027557314904498,29.8
4.1213562375051,-12.5507260942832,2.69505534367393,-0.032975405868155,29.9
4.03123515151674,-12.5073840641417,2.69148688741586,-0.038392127093168,30
3.94127920651226,-12.4636954241432,2.68737678159216,-0.043806155775326,30.1
3.85151175150531,-12.4196112644859,2.6827252630549,-0.049215663234215,30.2
3.76195613452001,-12.3750826944597,2.67753270941548,-0.05461824521278,30.3
3.67263570451178,-12.3300608345307,2.67179967976422,-0.06001085367034,30.4
3.58357199351303,-12.2845006445423,2.66575969761851,-0.056953659554892,30.5
3.49475330251153,-12.2384279742837,2.66055719733508,-0.047039124338863,30.6
3.40613887450309,-12.1919306144118,2.65634542372296,-0.037137550650789,30.7
3.31768697849475,-12.1450984445401,2.65312351674632,-0.02724786021003,30.8
3.22935587650863,-12.0980213545263,2.65089074498259,-0.017367343941827,30.9
3.14110383749357,-12.050789214205,2.64964659989159,-0.007492099903201,31
3.05288912451942,-12.0034919143654,2.64939086102113,0.002382533523696,31.1
2.96467000551638,-11.9562193443999,2.65012363236787,0.012261547707787,31.2
2.8764047434961,-11.9090613643639,2.65184535001362,0.022149834958742,31.3
2.78805160650518,-11.8621078841388,2.65455676103254,0.032051758372969,31.4
2.69956885950523,-11.8154487544671,2.65825887353394,0.041970717965624,31.5
2.61091476751608,-11.7691738842987,2.6629528775898,0.051908711196577,31.6
2.52204759651795,-11.7233731443994,2.66864003671735,0.061865886878843,31.7
2.43292561249109,-11.6781364143826,2.67532154956592,0.071840092756739,31.8
2.34350708051352,-11.6335535743274,2.68299838151748,0.081826418774835,31.9
2.25375026650727,-11.5897145140916,2.69167106607444,0.091816740238435,32
2.16361343549215,-11.54670911422,2.70133947619991,0.101799267688668,32.1
2.07305485851248,-11.5046272440814,2.71199774457811,0.110197072501894,32.2
1.98205259151291,-11.4635126641952,2.7222373618695,0.094875413570347,32.3
1.89065048249904,-11.4232557844371,2.73094637929415,0.079520414581777,32.4
1.79890603350941,-11.3837152044289,2.73812329065567,0.064159250976206,32.5
1.70687674850342,-11.3447495242581,2.74376810999458,0.048810685011149,32.6
1.61462013050914,-11.3062173244543,2.74788186543799,0.033486665221991,32.7
1.52219368351507,-11.2679772041738,2.75046620056418,0.018193956935955,32.8
1.42965491049108,-11.2298877444118,2.75152308420378,0.002935777375703,32.9
1.33706131350482,-11.1918075541034,2.75105462851307,-0.012286579564328,33
1.24447039651568,-11.1535952244885,2.74906301458695,-0.027472135854277,33.1
1.15193891050876,-11.1151115242392,2.74575753060281,-0.03025616973806,33.2
1.05947866049246,-11.0763479541056,2.74381910096662,-0.008422869494038,33.3
0.967031917505665,-11.0374981942587,2.7440677348165,0.013380085212549,33.4
0.874534987495281,-10.998773294501,2.74650298327037,0.035197238365126,33.5
0.781924176495522,-10.9603843041696,2.75112730511023,0.057070297214162,33.6
0.689135789492866,-10.9225422544405,2.75794572355409,0.079033578422501,33.7
0.596106131502893,-10.8854582044296,2.76696517255204,0.101109310265571,33.8
0.50277150949114,-10.8493431843817,2.77819352303879,0.123302729170864,33.9
0.409068227512762,-10.814408254344,2.79163827763899,0.145596962971178,34
0.314932592504192,-10.7808644440956,2.80730492393723,0.167947772094417,34.1
0.220300909510115,-10.748922794126,2.82519494294405,0.190278325516263,34.2
0.125109484506538,-10.7187943644822,2.84530348220211,0.212474319899167,34.3
0.029294621519512,-10.6906901844777,2.86761672332364,0.234379901700647,34.4
-0.067204078484792,-10.6648152940907,2.89173351875028,0.241689706660926,34.5
-0.164381159498589,-10.6412545042112,2.91564101476425,0.236515560895162,34.6
-0.262170372501714,-10.619981654454,2.93906008027354,0.231532128379261,34.7
-0.360503190488089,-10.6009664344601,2.96200866058512,0.226758426356416,34.8
-0.459311086480739,-10.5841785240918,2.98450588192575,0.222210604015573,34.9
-0.558525533502689,-10.5695876041427,3.00657187437349,0.217902308006892,35
-0.658078004489653,-10.5571633642539,3.02822761723476,0.213845041528871,35.1
-0.75789997249376,-10.5468754842877,3.04949480624143,0.210048511264692,35.2
-0.857922911498463,-10.5386936441064,3.07039574168126,0.206520958375048,35.3
-0.958078292489518,-10.5325875342824,3.09095323640583,0.203269471365467,35.4
-1.05829759049811,-10.5285268444568,3.1111905425661,0.20030027995705,35.5
-1.1585183084826,-10.5264848242514,3.13124739715162,0.200013402629164,35.6
-1.25870699450024,-10.5264519443735,-3.13190633281824,0.199849603374561,35.7
-1.3588389235083,-10.5284238844179,-3.11190079864621,0.199642724515017,35.8
-1.45888937349082,-10.5323962843977,-3.09192248198875,0.19939427107854,35.9
-1.55883362350869,-10.5383647941053,-3.07197245422505,0.199105704670216,36
-1.65864694950869,-10.5463250842877,-3.05205168953161,0.198778437077832,36.1
-1.75830462950398,-10.5562727944925,-3.03216107105646,0.198413824571077,36.2
-1.85778194150771,-10.5682036043145,-3.01230139733315,0.198013162901052,36.3
-1.95705416449346,-10.5821131444536,-2.99247338889532,0.197577683001154,36.4
-2.05609657350578,-10.59799708426,-2.97267769505347,0.197108547385255,36.5
-2.1548844485078,-10.6158510842361,-2.95291490079639,0.196606847234462,36.6
-2.25339133350644,-10.6356723844074,-2.93307308948481,0.20050344239358,36.7
-2.35155244549969,-10.6574934143573,-2.91248736877978,0.208991598483189,36.8
-2.4492655195063,-10.6813810341991,-2.89101983985807,0.217899397867525,36.9
-2.54642672350747,-10.7074035243131,-2.86863650511366,0.22721971898252,37
-2.64293222749257,-10.7356291841716,-2.8453040808754,0.236938202603519,37.1
-2.73867819950101,-10.7661262941547,-2.82099054374755,0.247031790114234,37.2
-2.83356080949306,-10.7989631444216,-2.7956657718603,0.257467148471106,37.3
-2.92747622550814,-10.8342080144212,-2.76930228647383,0.268199026550524,37.4
-3.02032061549835,-10.8719292040914,-2.7418760963255,0.279168610670542,37.5
-3.11199015050079,-10.9121950045228,-2.71336764275169,0.290301974290591,37.6
-3.20238099750713,-10.955073684454,-2.683762837775,0.301508746944217,37.7
-3.29138932650676,-11.0006335345097,-2.65305417992907,0.312681157918576,37.8
-3.3789305734972,-11.0489115943201,-2.6224434611737,0.29745654973535,37.9
-3.4650191734836,-11.0997841544449,-2.59358752590142,0.279646015007045,38
-3.54970127550769,-11.1530760643072,-2.5664995006789,0.261808869804047,38.1
-3.63302304048557,-11.2086121542379,-2.54117162895062,0.244090627368784,38.2
-3.71503062848933,-11.2662172443233,-2.51758773098705,0.22659898524218,38.3
-3.79577020250144,-11.3257161644287,-2.49572559734073,0.209407219412796,38.4
-3.87528792250669,-11.3869337243959,-2.47555914690985,0.192558024532524,38.5
-3.95362994950847,-11.4496947443113,-2.45706033766458,0.176067401082932,38.6
-4.03084244648926,-11.5138240642846,-2.44020083620255,0.159928308212603,38.7
-4.10697157250252,-11.5791464941576,-2.42495344263385,0.14413460314325,38.8
-4.18207462548162,-11.6454988741316,-2.41124872114425,0.12933216504485,38.9
-4.25625069349189,-11.7127631544136,-2.39904685874341,0.114353512991285,39
-4.32960867250222,-11.7808318641037,-2.38835783869496,0.099250102931052,39.1
-4.40225745548378,-11.8495975541882,-2.37918857835488,0.084062168954194,39.2
-4.4743059364846,-11.9189527342096,-2.37154364688281,0.068819924432374,39.3
-4.54586301249219,-11.9887899444439,-2.36542589249219,0.053544937179642,39.4
-4.61703757548821,-12.0590017144568,-2.36083697167763,0.038251615985904,39.5
-4.68793852149975,-12.1294805845246,-2.35777777575727,0.022948762941239,39.6
-4.75867474349798,-12.2001190842129,-2.35624875209738,0.007641160904805,39.7
-4.82935513748089,-12.2708097444847,-2.3562501186876,-0.007668822468021,39.8
-4.90008859650698,-12.3414450841956,-2.357781971478,-0.022979623944516,39.9
-4.97098401648691,-12.4119176641107,-2.36084428425456,-0.038288871668403,40
-5.04214285049238,-12.4821273442358,-2.36498707386938,-0.040702630516352,40.1
-5.11358921448118,-12.5520504843444,-2.36889791440252,-0.037538235702885,40.2
-5.18530135048786,-12.621708764229,-2.37249259751271,-0.034373775836181,40.3
-5.25725690150284,-12.6911244844086,-2.37577113941212,-0.031209842886567,40.4
-5.32943350650021,-12.7603199342266,-2.37873359053011,-0.028046874032929,40.5
-5.40180880948901,-12.8293173843995,-2.38138002567921,-0.024885165971862,40.6
-5.47436044950155,-12.8981391345151,-2.38371053517438,-0.021724889274695,40.7
-5.54706606848049,-12.9668074743822,-2.38572521690702,-0.018566102750332,40.8
-5.61990330848494,-13.0353446844965,-2.3874241693732,-0.015408767783776,40.9
-5.69284980848897,-13.1037730542012,-2.38880748565418,-0.012252762630849,41
-5.76588321250165,-13.1721148644574,-2.38987524834658,-0.009097896658816,41.1
-5.83898116048658,-13.2403924241662,-2.39062752543938,-0.005943924530488,41.2
-5.9121212924947,-13.3086279942654,-2.39106436713453,-0.002790560335858,41.3
-5.98528125148732,-13.3768438841216,-2.39118580360884,0.00036250831956,41.4
-6.0584386785049,-13.4450623742305,-2.3909918437151,0.003515606256704,41.5
-6.1315745964821,-13.5133023643866,-2.39063041046094,0.00361146145828,41.6
-6.20468494348461,-13.5815679342486,-2.39026952293876,0.003604373069607,41.7
-6.27776977248141,-13.6498590041883,-2.38990934900015,0.003597282479516,41.8
-6.35082913350198,-13.7181755341589,-2.38954988879142,0.003590189706137,41.9
-6.42386307849665,-13.7865174743347,-2.38919114245766,0.003583094767526,42
-6.49687165749492,-13.8548847744241,-2.38883311014275,0.003575997681659,42.1
-6.56985492250533,-13.9232773841359,-2.38847579198938,0.003568898466438,42.2
-6.64281292448868,-13.9916952443309,-2.38811918813904,0.003561797139688,42.3
-6.7157457144931,-14.0601383144967,-2.38776329873201,0.003554693719159,42.4
-6.78865334350849,-14.1286065243185,-2.38740812390743,0.003547588222524,42.5
-6.86153586348519,-14.1970998444594,-2.38705366380321,0.003540480667379,42.6
-6.93439332349226,-14.2656182241626,-2.38669991855612,0.003533371071246,42.7
-7.0072257774882,-14.3341615945101,-2.38634688830174,0.003526259451571,42.8
-7.08003327448387,-14.4027299145237,-2.38599457317451,0.003519145825722,42.9
-7.1528158664878,-14.4713231343776,-2.38564297330767,0.003512030210993,43
-7.22557360448991,-14.5399411944672,-2.38529208883336,0.003504912624602,43.1
-7.29830653948011,-14.6085840542801,-2.38494191988251,0.003497793083691,43.2
-7.37101472349605,-14.6772516542114,-2.38459246658496,0.003490671605326,43.3
-7.44369820549036,-14.7459439542145,-2.38424372906938,0.003483548206497,43.4
-7.51635703950888,-14.8146608942188,-2.38389570746332,0.003476422904121,43.5
-7.58899127450422,-14.8834024243988,-2.38354840189318,0.003469295715037,43.6
-7.66160096248495,-14.952168494463,-2.38320181248427,0.00346216665601,43.7
-7.73418615449918,-15.0209590541199,-2.38285593936076,0.003455035743727,43.8
-7.80674690150772,-15.0897740442306,-2.38251078264571,0.003447902994804,43.9
-7.87928325450048,-15.1586134242825,-2.38216634246107,0.003440768425779,44
-7.95179526449647,-15.22747714445,-2.38182261892769,0.003433632053116,44.1
-8.02428298350424,-15.2963651441969,-2.38147961216532,0.003426493893202,44.2
-8.09674646248459,-15.3652773844078,-2.38113732229263,0.003419353962351,44.3
-8.16918575248565,-15.4342137943022,-2.38079574942718,0.003412212276801,44.4
-8.24160090350779,-15.5031743445434,-2.38045489368547,0.003405068852717,44.5
-8.31399196849088,-15.5721589741297,-2.38011475518289,0.003397923706186,44.6
-8.38635899749352,-15.6411676243879,-2.3797753340338,0.003390776853224,44.7
-8.4587020415056,-15.7102002543397,-2.37943663035146,0.003383628309769,44.8
-8.53102115148795,-15.7792568141595,-2.37909864424807,0.003376478091687,44.9
-8.60331638049684,-15.8483372442424,-2.3787613758348,0.003369326214768,45
-8.67558777748491,-15.9174415045418,-2.37842482522174,0.003362172694728,45.1
-8.74783539350028,-15.9865695345216,-2.37808899251793,0.003355017547208,45.2
-8.82005928148283,-16.055721284356,-2.37775387783139,0.003347860787777,45.3
-8.89225949248066,-16.1248967144638,-2.37741948126908,0.003340702431927,45.4
-8.96443607550464,-16.1940957545303,-2.37708580293695,0.003333542495079,45.5
-9.03658908349462,-16.2633183645085,-2.37675284293991,0.003326380992577,45.6
-9.10871856648009,-16.3325644941069,-2.37642060138184,0.003319217939692,45.7
-9.18082457748824,-16.4018340841867,-2.37608907836562,0.003312053351623,45.8
-9.2529071655008,-16.4711270942353,-2.37575827399309,0.003304887243492,45.9
-9.32496638249722,-16.5404434641823,-2.37542818836513,0.003297719630351,46
-9.39700227949652,-16.6097831544466,-2.37509882158156,0.003290550527176,46.1
-9.46901490850723,-16.6791461044922,-2.37477017374126,0.00328337994887,46.2
-9.54100431848201,-16.7485322644934,-2.37444224494206,0.003276207910263,46.3
-9.61297056349576,-16.8179415743798,-2.37411503528084,0.003269034426112,46.4
-9.68491369250114,-16.8873740043491,-2.3737885448535,0.0032618595111,46.5
-9.75683375750668,-16.9568294840865,-2.37346277375493,0.003254683179837,46.6
-9.8287308095023,-17.0263079744764,-2.37313772207908,0.00324750544686,46.7
-9.90060490049655,-17.0958094145171,-2.37281338991892,0.003240326326635,46.8
-9.97245607950026,-17.1653337641619,-2.37248977736645,0.003233145833552,46.9
-10.0442843994824,-17.2348809642717,-2.37216688451272,0.00322596398193,47
-10.1160899105016,-17.3044509640895,-2.37184471144782,0.003218780786016,47.1
-10.1878726645082,-17.3740437244996,-2.3715232582609,0.003211596259983,47.2
-10.259632712492,-17.443659174256,-2.37120252504016,0.003204410417933,47.3
-10.3313701055013,-17.5132972742431,-2.37088251187287,0.003197223273895,47.4
-10.4030848944967,-17.5829579643905,-2.37056321884536,0.003190034841825,47.5
-10.4747771304974,-17.6526412144303,-2.37024464604302,0.003182845135609,47.6
-10.5464468644932,-17.7223469442688,-2.36992679355033,0.003175654169059,47.7
-10.6180941484927,-17.7920751241036,-2.36960966145086,0.003168461955915,47.8
-10.6897190324962,-17.8618257041089,-2.36929324982724,0.003161268509848,47.9
-10.7613215695019,-17.9315986144356,-2.3689775587612,0.003154073844454,48
-10.8329018084914,-18.0013938243501,-2.36866258833358,0.00314687797326,48.1
-10.9044598015025,-18.0712112644687,-2.36834833862431,0.003139680909718,48.2
-10.9759956004855,-18.1410509045236,-2.36803480971241,0.003132482667214,48.3
-11.0475092554989,-18.2109126741998,-2.36772200167603,0.003125283259057,48.4
-11.1190008175035,-18.2807965241373,-2.36740991459243,0.00311808269849,48.5
-11.190470338508,-18.3507024142891,-2.36709854853798,0.003110880998681,48.6
-11.2619178695022,-18.4206302943639,-2.36678790358819,0.003103678172729,48.7
-11.3333434604865,-18.4905800945126,-2.36647797981768,0.003096474233661,48.8
-11.4047471644881,-18.560551784467,-2.36616877730021,0.003089269194436,48.9
-11.4761290304887,-18.6305453041568,-2.36586029610869,0.00308206306794,49
-11.5474891114864,-18.7005605944432,-2.36555253631515,0.003074855866989,49.1
-11.6188274585002,-18.7705976241268,-2.3652454979908,0.003067647604328,49.2
-11.6901441215014,-18.8406563242897,-2.36493918120596,0.003060438292633,49.3
-11.7614391524985,-18.9107366544195,-2.36463358603014,0.00305322794451,49.4
-11.8327126014919,-18.9808385544457,-2.36432871253201,0.003046016572495,49.5
-11.9039645215089,-19.0509619745426,-2.36402456077939,0.003038804189052,49.6
-11.9751949624915,-19.1211068741977,-2.36372113083928,0.003031590806578,49.7
-12.0464039754879,-19.1912731942721,-2.36341842277785,0.003024376437399,49.8
-12.117591611488,-19.2614608844742,-2.36311643666046,0.003017161093772,49.9
-12.1887579225004,-19.3316698945127,-2.36281517255164,0.003009944787883,50
-12.2599029584962,-19.4019001643173,-2.36251463051514,0.003002727531852,50.1
-12.3310267725028,-19.4721516640857,-2.36221481061387,0.002995509337728,50.2
-12.4021294135018,-19.5424243244343,-2.36191571290996,0.002988290217489,50.3
-12.4732109344914,-19.6127180941403,-2.36161733746473,0.002981070183047,50.4
-12.5442713855009,-19.6830329243094,-2.36131968433871,0.002973849246245,50.5
-12.6153108174913,-19.753368774429,-2.36102275359166,0.002966627418856,50.6
-12.6863292814814,-19.8237255844288,-2.36072654528254,0.002959404712585,50.7
-12.7573268304986,-19.894103304483,-2.36043105946954,0.00295218113907,50.8
-12.8283035134955,-19.9645018843003,-2.36013629621006,0.002944956709878,50.9
-12.899259381491,-20.0349212745205,-2.35984225556076,0.00293773143651,51
-12.9701944885019,-20.105361414142,-2.35954893757751,0.002930505330398,51.1
-13.0411088824912,-20.1758222645149,-2.35925634231544,0.002923278402907,51.2
-13.1120026154968,-20.2463037641719,-2.3589644698289,0.002916050665334,51.3
-13.1828757394978,-20.3168058744632,-2.35867332017151,0.002908822128908,51.4
-13.2537283054844,-20.3873285241425,-2.35838289339615,0.00290159280479,51.5
-13.3245603645046,-20.4578716843389,-2.35809318955493,0.002894362704076,51.6
-13.3953719665005,-20.5284352945164,-2.35780420869925,0.002887131837792,51.7
-13.4661631634808,-20.5990193043835,-2.35751595087976,0.002879900216898,51.8
-13.5369340074831,-20.6696236543357,-2.35722841614638,0.002872667852287,51.9
-13.6076845485077,-20.740248314105,-2.35694160454833,0.002865434754787,52
-13.6784148374863,-20.8108932045288,-2.35665551613409,0.002858200935156,52.1
-13.7491249264858,-20.8815583041869,-2.35637015095142,0.002850966404088,52.2
-13.819814866496,-20.9522435343824,-2.35608550904739,0.00284373117221,52.3
-13.8904847074882,-21.0229488643818,-2.35580159046835,0.002836495250081,52.4
-13.9611345015001,-21.0936742243357,-2.35551839525995,0.002829258648198,52.5
-14.0317643004819,-21.1644195844419,-2.35523592346714,0.002822021376987,52.6
-14.1023741544923,-21.2351848841645,-2.35495417513419,0.002814783446813,52.7
-14.1729641144921,-21.3059700643644,-2.35467315030467,0.002807544867971,52.8
-14.2435342324898,-21.3767750845291,-2.35439284902147,0.002800305650692,52.9
-14.3140845595044,-21.4475998943672,-2.35411327132679,0.002793065805144,53
-14.3846151455073,-21.518444434274,-2.35383441726218,0.002785825341427,53.1
-14.4551260434964,-21.5893086544238,-2.3535562868685,0.002778584269575,53.2
-14.5256173024827,-21.6601925045252,-2.35327888018594,0.002771342599561,53.3
-14.5960889754933,-21.7310959445313,-2.35300219725403,0.002764100341288,53.4
-14.6665411124995,-21.8020189041272,-2.35272623811166,0.0027568575046,53.5
-14.7369737644913,-21.8729613544419,-2.35245100279705,0.002749614099271,53.6
-14.8073869844957,-21.9439232242294,-2.35217649134777,0.002742370135014,53.7
-14.8777808214945,-22.0149044743739,-2.35190270380074,0.002735125621476,53.8
-14.9481553274964,-22.0859050443396,-2.35162964019227,0.002727880568242,53.9
-15.0185105534911,-22.1569248843007,-2.35135730055799,0.002720634984831,54
-15.0888465504977,-22.2279639542103,-2.35108568493293,0.002713388880699,54.1
-15.1591633704957,-22.2990222042426,-2.35081479335148,0.002706142265238,54.2
-15.2294610634854,-22.3700995640829,-2.35054462584741,0.002698895147776,54.3
-15.2997396815044,-22.4411959941499,-2.35027518245386,0.002691647537579,54.4
-15.3699992754846,-22.5123114441521,-2.35000646320337,0.002684399443849,54.5
-15.4402398954844,-22.5834458642639,-2.34973846812786,0.002677150875725,54.6
-15.510461594502,-22.6545991944149,-2.34947119725865,0.002669901842282,54.7
-15.5806644225086,-22.7257713940926,-2.34920465062645,0.002662652352533,54.8
-15.6508484304941,-22.796962404158,-2.34893882826137,0.00265540241543,54.9
-15.7210136695066,-22.8681721840985,-2.34867373019293,0.002648152039861,55
-15.7911601914966,-22.9394006645307,-2.34840935645007,0.00264090123465,55.1
-15.861288047483,-23.0106478142552,-2.34814570706112,0.002633650008562,55.2
-15.9313972884847,-23.0819135741331,-2.34788278205385,0.002626398370297,55.3
-16.0014879654918,-23.1531978943385,-2.34762058145544,0.002619146328496,55.4
-16.0715601285046,-23.2245007143356,-2.34735910529251,0.002611893891736,55.5
-16.1416138314817,-23.2958219945431,-2.34709835359109,0.002604641068534,55.6
-16.2116491225024,-23.367161674425,-2.34683832637666,0.002597387867344,55.7
-16.2816660545068,-23.4385197144002,-2.34657902367414,0.00259013429656,55.8
-16.3516646784847,-23.5098960543983,-2.34632044550789,0.002582880364515,55.9
-16.4216450454842,-23.5812906441279,-2.3460625919017,0.002575626079479,56
-16.4916072064952,-23.6527034342289,-2.34580546287884,0.002568371449664,56.1
-16.5615512125078,-23.7241343841888,-2.34554905846201,0.002561116483219,56.2
-16.6314771144825,-23.7955834241584,-2.34529337867338,0.002553861188235,56.3
-16.7013849634968,-23.8670505043119,-2.34503842353459,0.002546605572739,56.4
-16.7712748115009,-23.9385355943814,-2.34478419306674,0.002539349644702,56.5
-16.8411467094847,-24.0100386245176,-2.34453068729039,0.002532093412033,56.6
-16.9110007075069,-24.0815595444292,-2.3442779062256,0.002524836882579,56.7
-16.9808368585072,-24.1530983042903,-2.34402584989188,0.002517580064132,56.8
-17.0506552114966,-24.2246548645198,-2.34377451830825,0.00251032296442,56.9
-17.1204558195022,-24.2962291543372,-2.3435239114932,0.002503065591114,57
-17.1902387324953,-24.3678211444058,-2.34327402946472,0.002495807951825,57.1
-17.2600040024845,-24.4394307644106,-2.34302487224029,0.002488550054106,57.2
-17.3297516794992,-24.511057974305,-2.34277643983688,0.00248129190545,57.3
-17.3994818165083,-24.5827027242631,-2.34252873227098,0.00247403351329,57.4
-17.4691944615042,-24.6543649542145,-2.34228174955858,0.002466774885004,57.5
-17.5388896694931,-24.7260446241125,-2.34203549171518,0.002459516027909,57.6
-17.6085674884962,-24.7977416743524,-2.34178995875579,0.002452256949263,57.7
-17.678227970493,-24.8694560443982,-2.34154515069494,0.002444997656267,57.8
-17.7478711684817,-24.9411877044477,-2.3413010675467,0.002437738156066,57.9
-17.8174971304834,-25.0129365944304,-2.34105770932463,0.002430478455744,58
-17.8871059104858,-25.0847026645206,-2.34081507604185,0.002423218562329,58.1
-17.9566975574999,-25.1564858541824,-2.340573167711,0.00241595848279,58.2
-18.0262721235049,-25.2282861243002,-2.34033198434427,0.002408698224042,58.3
-18.0958296604804,-25.300103424117,-2.34009152595338,0.002401437792939,58.4
-18.1653702184849,-25.3719376842491,-2.3398517925496,0.002394177196281,58.5
-18.2348938485084,-25.4437888744287,-2.33961278414373,0.00238691644081,58.6
-18.3044006025011,-25.5156569443643,-2.33937450074616,0.00237965553321,58.7
-18.3738905304926,-25.5875418242067,-2.33913694236681,0.002372394480111,58.8
-18.443363685481,-25.6594434743747,-2.33890010901516,0.002365133288086,58.9
-18.5128201165062,-25.7313618441112,-2.33866400070027,0.00235787196365,59
-18.582259876508,-25.8032968742773,-2.33842861743075,0.002350610513264,59.1
-18.6516830154869,-25.8752485243604,-2.3381939592148,0.002343348943332,59.2
-18.721089584491,-25.9472167445347,-2.33796002606017,0.002336087260204,59.3
-18.7904796354997,-26.0192014742643,-2.33772681797422,0.002328825470172,59.4
-18.8598532184842,-26.091202664189,-2.33749433496386,0.002321563579476,59.5
-18.9292103854823,-26.1632202644832,-2.3372625770356,0.002314301594297,59.6
-18.9985511885025,-26.2352542243898,-2.33703154419557,0.002307039520764,59.7
-19.0678756764974,-26.3073044940829,-2.33680123644943,0.002299777364949,59.8
-19.1371839024941,-26.3793710242026,-2.3365716538025,0.002292515132872,59.9
-19.2064759164932,-26.4514537644573,-2.33634279625966,0.002285252830495,60
-19.2757517694845,-26.5235526543111,-2.3361146638254,0.002277990463729,60.1
-19.3450115135056,-26.5956676541828,-2.33588725650385,0.002270728038428,60.2
-19.4142551994883,-26.6677986942232,-2.33566057429871,0.002263465560395,60.3
-19.4834828784806,-26.7399457544088,-2.33543461721332,0.002256203035377,60.4
-19.5526946015016,-26.8121087541804,-2.33520938525062,0.002248940469067,60.5
-19.621890419483,-26.8842876544222,-2.3349848784132,0.002241677867107,60.6
-19.6910703844915,-26.9564824043773,-2.33476109670325,0.002234415235083,60.7
-19.7602345464984,-27.0286929542199,-2.3345380401226,0.002227152578528,60.8
-19.8293829564936,-27.1009192541242,-2.33431570867272,0.002219889902925,60.9
-19.8985156675044,-27.1731612444855,-2.33409410235469,0.002212627213701,61
-19.9676327284833,-27.2454188740812,-2.33387322116927,0.002205364516232,61.1
-20.0367341914971,-27.3176921042614,-2.33365306511684,0.00219810181584,61.2
-20.1058201084961,-27.38998087449,-2.33343363419742,0.002190839117797,61.3
-20.1748905294808,-27.4622851344757,-2.33321492841069,0.00218357642732,61.4
-20.2439455054991,-27.5346048441716,-2.33299694775599,0.002176313749577,61.5
-20.3129850885016,-27.6069399341941,-2.33277969223231,0.002169051089682,61.6
-20.3820093284885,-27.6792903542519,-2.3325631618383,0.002161788452698,61.7
-20.451018278487,-27.7516560745426,-2.33234735657227,0.002154525843637,61.8
-20.520011987508,-27.8240370242856,-2.33213227643222,0.00214726326746,61.9
-20.5889905084914,-27.896433154121,-2.33191792141579,0.002140000729075,62
-20.6579538914957,-27.9688444244675,-2.33170429152033,0.002132738233341,62.1
-20.7269021874818,-28.0412707743235,-2.33149138674282,0.002125475785065,62.2
-20.7958354484872,-28.1137121543288,-2.33127920707997,0.002118213389005,62.3
-20.8647537255019,-28.1861685141921,-2.33106775252814,0.002110951049866,62.4
-20.9336570684973,-28.2586398040876,-2.33085702308341,0.002103688772306,62.5
-21.0025455294817,-28.3311259644106,-2.33064701874151,0.00209642656093,62.6
-21.0714191604929,-28.4036269644275,-2.3304377394979,0.002089164420294,62.7
-21.1402780115022,-28.4761427245103,-2.33022918534773,0.002081902354906,62.8
-21.2091221334995,-28.5486732143909,-2.33002135628583,0.002074640369221,62.9
-21.2779515784932,-28.6212183842435,-2.32981425230677,0.002067378467648,63
-21.3467663964839,-28.6937781744637,-2.3296078734048,0.002060116654544,63.1
-21.4155666395091,-28.7663525245152,-2.32940221957389,0.002052854934218,63.2
-21.4843523585005,-28.8389414041303,-2.32919729080772,0.002045593310932,63.3
-21.5531236045063,-28.9115447541699,-2.3289930870997,0.002038331788897,63.4
-21.6218804295058,-28.984162514098,-2.32878960844295,0.002031070372275,63.5
-21.6906228834996,-29.0567946443334,-2.32858685483032,0.002023809065182,63.6
-21.7593510175066,-29.1294410843402,-2.32838482625439,0.002016547871684,63.7
-21.8280648835062,-29.2021017945372,-2.32818352270744,0.002009286795799,63.8
-21.8967645314988,-29.2747767143883,-2.32798294418154,0.002002025841499,63.9
-21.9654500144825,-29.3474657945335,-2.32778309066845,0.001994765012705,64
-22.0341213824868,-29.4201689944603,-2.32758396215968,0.001987504313293,64.1
-22.1027786865015,-29.4928862443194,-2.3273855586465,0.001980243747093,64.2
-22.1714219774876,-29.5656175045297,-2.3271878801199,0.001972983317883,64.3
-22.2400513064931,-29.638362724334,-2.32699092657066,0.001965723029399,64.4
-22.308666726487,-29.7111218543723,-2.32679469798926,0.001958462885328,64.5
-22.3772682864801,-29.7838948341087,-2.32659919436598,0.00195120288931,64.6
-22.4458560374915,-29.8566816141829,-2.32640441569084,0.001943943044939,64.7
-22.5144300324901,-29.9294821540825,-2.32621036195361,0.001936683355764,64.8
-22.5829903215053,-30.0022963942029,-2.32601703314385,0.001929423825285,64.9
-22.6515369564877,-30.0751242842525,-2.32582442925088,0.001922164456958,65
-22.7200699865061,-30.1479657641612,-2.32563255026378,0.001914905254194,65.1
-22.7885894654901,-30.2208208041266,-2.32544139617141,0.001907646220357,65.2
-22.8570954425086,-30.293689344544,-2.32525096696242,0.001900387358766,65.3
-22.9255879694829,-30.3665713244118,-2.32506126262522,0.001893128672694,65.4
-22.9940670974902,-30.4394666943699,-2.32487228314801,0.00188587016537,65.5
-23.0625328774913,-30.5123754143715,-2.32468402851878,0.001878611839979,65.6
-23.1309853605053,-30.5852974243462,-2.32449649872531,0.001871353699658,65.7
-23.1994245984824,-30.6582326744683,-2.32430969375517,0.001864095747503,65.8
-23.2678506414813,-30.7311811242253,-2.32412361359572,0.001856837986564,65.9
-23.3362635414815,-30.8041427042335,-2.32393825823413,0.001849580419847,66
-23.4046633495018,-30.8771173744462,-2.32375362765735,0.001842323050313,66.1
-23.4730501154845,-30.9501050841063,-2.32356972185217,0.001835065880881,66.2
-23.5414238924859,-31.0231057843193,-2.32338654080514,0.001827808914425,66.3
-23.6097847305064,-31.0961194043048,-2.32320408450266,0.001820552153776,66.4
-23.6781326805067,-31.1691459245048,-2.32302235293092,0.001813295601721,66.5
-23.7464677944954,-31.2421852643602,-2.32284134607593,0.001806039261007,66.6
-23.8147901234915,-31.3152373945341,-2.32266106392353,0.001798783134332,66.7
-23.8830997174955,-31.3883022544906,-2.32248150645936,0.001791527224358,66.8
-23.9513966295053,-31.4613797841594,-2.32230267366891,0.001784271533698,66.9
-24.0196809085028,-31.5344699542038,-2.32212456553746,0.001777016064928,67
-24.0879526064964,-31.6075726943091,-2.32194718205016,0.001769760820579,67.1
-24.1562117754947,-31.6806879644282,-2.32177052319197,0.00176250580314,67.2
-24.2244584664877,-31.753815704491,-2.32159458894769,0.001755251015058,67.3
-24.2926927295048,-31.826955864206,-2.32141937930196,0.001747996458739,67.4
-24.3609146155068,-31.9001084044576,-2.32124489423925,0.001740742136547,67.5
-24.4291241774918,-31.9732732642442,-2.32107113374389,0.001733488050805,67.6
-24.4973214654892,-32.0464503942057,-2.32089809780004,0.001726234203794,67.7
-24.5655065304891,-32.1196397445165,-2.32072578639174,0.001718980597755,67.8
-24.6336794234812,-32.1928412644193,-2.32055419950283,0.001711727234887,67.9
-24.7018401954847,-32.2660548943095,-2.32038333711706,0.00170447411735,68
-24.769988898508,-32.3392805941403,-2.32021319921799,0.001697221247261,68.1
-24.8381255834829,-32.412518304307,-2.32004378578908,0.001689968626699,68.2
-24.9062503014866,-32.4857679842971,-2.31987509681362,0.001682716257702,68.3
-24.9743631035089,-32.559029574506,-2.31970713227479,0.001675464142267,68.4
-25.0424640404817,-32.6323030241765,-2.31953989215562,0.001668212282353,68.5
-25.1105531634821,-32.7055882844143,-2.31937337643902,0.001660960679878,68.6
-25.1786305235,-32.7788853044622,-2.31920758510777,0.001653709336721,68.7
-25.2466961735045,-32.8521940344945,-2.31904251814452,0.001646458254722,68.8
-25.3147501614876,-32.9255144242197,-2.31887817553182,0.001639207435681,68.9
-25.3827925414953,-32.998846414499,-2.31871455725208,0.001631956881361,69
-25.4508233634988,-33.0721899541095,-2.3185516632876,0.001624706593484,69.1
-25.5188426774985,-33.1455450044014,-2.31838949362056,0.001617456573735,69.2
-25.5868505364924,-33.218911504373,-2.31822804823304,0.001610206823759,69.3
-25.6548469914997,-33.2922894144431,-2.31806732710701,0.001602957345164,69.4
-25.7228320924914,-33.3656786642969,-2.31790733022433,0.001595708139521,69.5
-25.7908058904868,-33.4390792143531,-2.31774805756675,0.00158845920836,69.6
-25.8587684384838,-33.5124910143204,-2.31758950911593,0.001581210553176,69.7
-25.9267197854933,-33.5859140041284,-2.31743168485342,0.001573962175426,69.8
-25.9946599834948,-33.659348144196,-2.31727458476069,0.001566714076528,69.9
-26.0625890844967,-33.7327933842316,-2.31711820881911,0.001559466257866,70
-26.1305071384995,-33.8062496641651,-2.31696255700994,0.001552218720783,70.1
-26.1984141964931,-33.8797169341706,-2.31680762931439,0.001544971466588,70.2
-26.266310310486,-33.9531951444224,-2.31665342571354,0.001537724496553,70.3
-26.3341955314972,-34.0266842441633,-2.31649994618842,0.001530477811913,70.4
-26.4020699104876,-34.1001841844991,-2.31634719071996,0.001523231413866,70.5
-26.4699334985053,-34.1736949142069,-2.31619515928903,0.001515985303577,70.6
-26.5377863464819,-34.2472163843922,-2.31604385187639,0.00150873948217,70.7
-26.6056285054947,-34.3207485345192,-2.31589326846276,0.001501493950737,70.8
-26.673460027494,-34.3942913142964,-2.31574340902877,0.001494248710334,70.9
-26.7412809624802,-34.4678446841426,-2.31559427355499,0.001487003761981,71
-26.809091362491,-34.5414085844532,-2.31544586202192,0.001479759106662,71.1
-26.8768912784872,-34.614982964471,-2.31529817440998,0.001472514745327,71.2
-26.9446807614877,-34.6885677743703,-2.31515121069956,0.001465270678891,71.3
-27.0124598624825,-34.7621629643254,-2.31500497087095,0.001458026908234,71.4
-27.0802286334801,-34.8357684845105,-2.31485945490442,0.001450783434201,71.5
-27.1479871234915,-34.9093842743896,-2.31471466278017,0.001443540257604,71.6
-27.2157353865041,-34.9830102943815,-2.31457059447833,0.001436297379219,71.7
-27.2834734714997,-35.056646484416,-2.31442724997901,0.00142905479979,71.8
-27.351201430487,-35.1302928044461,-2.31428462926224,0.001421812520026,71.9
-27.4189193144848,-35.2039491944015,-2.31414273230802,0.001414570540602,72
-27.4866271744831,-35.277615594212,-2.31400155909632,0.001407328862159,72.1
-27.554325061501,-35.3512919745408,-2.31386110960704,0.001400087485308,72.2
-27.6220130274887,-35.4249782743864,-2.31372138382006,0.001392846410623,72.3
-27.6896911225049,-35.498674434144,-2.31358238171521,0.001385605638646,72.4
-27.7573593984998,-35.5723804244772,-2.31344410327229,0.001378365169888,72.5
-27.8250179064926,-35.6460961643606,-2.31330654847107,0.001371125004825,72.6
-27.8926666964835,-35.7198216244578,-2.31316971729129,0.001363885143903,72.7
-27.9603058214998,-35.7935567442328,-2.31303360971265,0.001356645587534,72.8
-28.0279353314836,-35.8673014841042,-2.31289822571484,0.001349406336098,72.9
-28.0955552785017,-35.9410557844676,-2.31276356527751,0.001342167389943,73
-28.1631657115067,-36.0148195843212,-2.31262962838029,0.001334928749387,73.1
-28.2307666844863,-36.0885928440839,-2.3124964150028,0.001327690414713,73.2
-28.2983582464803,-36.1623755241744,-2.31236392512463,0.001320452386177,73.3
-28.3659404494974,-36.236167544499,-2.31223215872537,0.001313214664001,73.4
-28.4335133454879,-36.309968884103,-2.31210111578457,0.001305977248375,73.5
-28.5010769834917,-36.3837794642895,-2.3119707962818,0.001298740139461,73.6
-28.5686314165068,-36.457599254325,-2.31184120019659,0.001291503337389,73.7
-28.6361766945047,-36.5314281941392,-2.31171232750848,0.001284266842257,73.8
-28.7037128694938,-36.6052662343718,-2.31158417819701,0.001277030654136,73.9
-28.7712399924931,-36.6791133345105,-2.31145675224169,0.001269794773063,74
-28.838758113503,-36.7529694242403,-2.31133004962205,0.001262559199048,74.1
-28.9062672854925,-36.8268344542012,-2.31120407031762,0.001255323932069,74.2
-28.9737675575016,-36.9007083941251,-2.31107881430792,0.001248088972077,74.3
-29.0412589824991,-36.974591164384,-2.31095428157248,0.00124085431899,74.4
-29.1087416115042,-37.0484827444889,-2.31083047209085,0.0012336199727,74.5
-29.1762154944881,-37.1223830543458,-2.31070738584255,0.001226385933069,74.6
-29.2436806834885,-37.1962920641527,-2.31058502280716,0.001219152199928,74.7
-29.3111372285057,-37.2702097045258,-2.31046338296423,0.001211918773081,74.8
-29.3785851825087,-37.3441359442659,-2.31034246629335,0.001204685652304,74.9
-29.4460245954979,-37.4180707144551,-2.31022227277412,0.001197452837343,75
-29.5134555184923,-37.4920139843598,-2.31010280238614,0.001190220327917,75.1
-29.5808780024818,-37.5659656743519,-2.30998405510905,0.001182988123717,75.2
-29.648292099504,-37.639925764408,-2.30986603092251,0.001175756224404,75.3
-29.7156978604908,-37.7138941744342,-2.30974872980619,0.001168524629613,75.4
-29.7830953355005,-37.7878708741628,-2.3096321517398,0.001161293338952,75.5
-29.8504845764837,-37.8618558044545,-2.30951629670307,0.001154062352,75.6
-29.917865635507,-37.9358489140868,-2.30940116467576,0.00114683166831,75.7
-29.9852385624836,-38.0098501541652,-2.30928675563765,0.001139601287408,75.8
-30.0526034084905,-38.0838594743982,-2.30917306956857,0.001132371208792,75.9
-30.1199602255074,-38.1578768244945,-2.30906010644837,0.001125141431933,76
-30.1873090635054,-38.2319021443836,-2.30894786625695,0.001117911956279,76.1
-30.2546499744931,-38.3059353944845,-2.30883634897424,0.001110682781247,76.2
-30.3219830094895,-38.3799765142612,-2.3087255545802,0.00110345390623,76.3
-30.3893082194845,-38.4540254543535,-2.30861548305484,0.001096225330596,76.4
-30.4566256554972,-38.5280821644701,-2.30850613437823,0.001088997053685,76.5
-30.5239353695069,-38.6021466040984,-2.30839750853045,0.001081769074813,76.6
-30.5912374114851,-38.6762187043205,-2.30828960549164,0.001074541393271,76.7
-30.6585318334983,-38.7502984241582,-2.30818242524202,0.001067314008321,76.8
-30.7258186865074,-38.8243857142515,-2.3080759677618,0.001060086919205,76.9
-30.7930980204837,-38.8984805145301,-2.30797023303129,0.001052860125136,77
-30.860369887494,-38.9725827844813,-2.30786522103083,0.001045633625304,77.1
-30.9276343394886,-39.0466924645007,-2.30776093174083,0.001038407418874,77.2
-30.9948914264969,-39.1208095145412,-2.30765736514174,0.001031181504988,77.3
-31.0621411995089,-39.1949338745326,-2.30755452121408,0.001023955882761,77.4
-31.129383710504,-39.2690654844046,-2.30745239993842,0.001016730551285,77.5
-31.1966190105013,-39.3432043143548,-2.30735100129539,0.001009505509629,77.6
-31.2638471504906,-39.4173502945341,-2.30725032526571,0.001002280756837,77.7
-31.3310681805015,-39.49150338443,-2.30715037183012,0.000995056291931,77.8
-31.3982821535028,-39.5656635342166,-2.30705114096946,0.000987832113908,77.9
-31.465489119495,-39.6398306842893,-2.30695263266462,0.000980608221743,78
-31.5326891304867,-39.7140047843568,-2.30685484689658,0.000973384614385,78.1
-31.5998822365073,-39.7881857943721,-2.30675778364636,0.000966161290765,78.2
-31.6670684884884,-39.862373654265,-2.30666144289508,0.000958938249787,78.3
-31.7342479394865,-39.9365683044307,-2.30656582462391,0.000951715490335,78.4
-31.8014206384832,-40.0107697141357,-2.30647092881412,0.000944493011269,78.5
-31.8685866385058,-40.0849778242409,-2.30637675544704,0.000937270811428,78.6
-31.9357459894964,-40.1591925742105,-2.30628330450408,0.000930048889627,78.7
-32.002898742503,-40.2334139142185,-2.30619057596672,0.000922827244663,78.8
-32.0700449495052,-40.3076418144628,-2.30609856981655,0.000915605875306,78.9
-32.1371846605034,-40.3818761943839,-2.30600728603522,0.00090838478031,79
-32.2043179284956,-40.4561170241796,-2.30591672460446,0.000901163958403,79.1
-32.2714448024926,-40.530364244245,-2.3058268855061,0.000893943408295,79.2
-32.3385653345031,-40.60461779451,-2.30573776872206,0.000886723128673,79.3
-32.4056795765064,-40.6788776442409,-2.30564937423432,0.000879503118204,79.4
-32.4727875785029,-40.7531437342986,-2.30556170202497,0.000872283375535,79.5
-32.5398893914826,-40.8274160041474,-2.30547475207621,0.00086506389929,79.6
-32.606985067483,-40.901694404427,-2.30538852437029,0.000857844688077,79.7
-32.6740746574942,-40.9759789044037,-2.30530301888958,0.000850625740479,79.8
-32.7411582114873,-41.0502694244497,-2.30521823561655,0.000843407055062,79.9
-32.8082357824896,-41.1245659342967,-2.30513417453374,0.000836188630371,80
-32.8753074205015,-41.1988683640957,-2.30505083562381,0.000828970464933,80.1
-32.9423731764837,-41.27317668451,-2.30496821886952,0.000821752557253,80.2
-33.009433102503,-41.3474908345379,-2.30488632425371,0.000814534905819,80.3
-33.0764872485015,-41.4218107541092,-2.30480515175935,0.000807317509099,80.4
-33.1435356664879,-41.4961364041083,-2.30472470136948,0.00080010036554,80.5
-33.2105784074811,-41.5704677342437,-2.30464497306727,0.000792883473574,80.6
-33.2776155225001,-41.6448046844453,-2.30456596683598,0.000785666831612,80.7
-33.3446470634954,-41.7191472044215,-2.30448768265899,0.000778450438048,80.8
-33.4116730795067,-41.7934952541255,-2.30441012051978,0.000771234291254,80.9
-33.4786936235032,-41.8678487641737,-2.30433328040193,0.000764018389589,81
-33.5457087454852,-41.9422077042982,-2.30425716228915,0.000756802731392,81.1
-33.6127184974903,-42.0165720041841,-2.30418176616525,0.000749587314982,81.2
-33.6797229305084,-42.0909416344948,-2.30410709201414,0.000742372138663,81.3
-33.7467220955004,-42.1653165142052,-2.30403313981987,0.000735157200721,81.4
-33.8137160434853,-42.2396966242231,-2.30395990956659,0.000727942499425,81.5
-33.8807048265007,-42.3140818942338,-2.30388740123857,0.000720728033027,81.6
-33.9476884944888,-42.3884722744115,-2.30381561482018,0.00071351379976,81.7
-34.0146670984977,-42.4628677144647,-2.30374455029594,0.000706299797843,81.8
-34.0816406905069,-42.537268164102,-2.30367420765047,0.000699086025476,81.9
-34.1486093215062,-42.6116735842079,-2.30360458686851,0.000691872480846,82
-34.2155730414961,-42.6860839044675,-2.30353568793492,0.00068465916212,82.1
-34.2825319035037,-42.7604990843683,-2.30346751083469,0.00067744606745,82.2
-34.3494859575003,-42.8349190740846,-2.30340005555294,0.000670233194974,82.3
-34.4164352554944,-42.9093438144773,-2.30333332207489,0.000663020542812,82.4
-34.4833798474865,-42.9837732543238,-2.30326731038591,0.00065580810907,82.5
-34.5503197844955,-43.0582073545083,-2.3032020204715,0.000648595891837,82.6
-34.6172551194904,-43.1326460544951,-2.30313745231725,0.000641383889188,82.7
-34.6841859014821,-43.2070893044584,-2.30307360590893,0.000634172099183,82.8
-34.7511121825082,-43.2815370541066,-2.3030104812324,0.000626960519867,82.9
-34.81803401449,-43.3559892540798,-2.30294807827367,0.000619749149268,83
-34.8849514474859,-43.4304458443075,-2.30288639701888,0.000612537985404,83.1
-34.9518645324861,-43.504906794522,-2.3028254374543,0.000605327026274,83.2
-35.0187733214989,-43.5793720241636,-2.30276519956633,0.000598116269866,83.3
-35.0856778654852,-43.6538415043615,-2.30270568334152,0.000590905714153,83.4
-35.1525782154931,-43.7283151843585,-2.30264688876654,0.000583695357092,83.5
-35.2194744224835,-43.8027929943055,-2.30258881582819,0.000576485196631,83.6
-35.2863665364857,-43.8772749044001,-2.30253146451344,0.000569275230699,83.7
-35.3532546114875,-43.9517608541064,-2.30247483480936,0.000562065457215,83.8
-35.420138695481,-44.0262507842854,-2.30241892670318,0.000554855874086,83.9
-35.4870188414934,-44.1007446544245,-2.30236374018228,0.000547646479201,84
-35.5538951004855,-44.1752424142323,-2.30230927523415,0.000540437270441,84.1
-35.6207675235055,-44.2497440041043,-2.30225553184645,0.000533228245673,84.2
-35.687636161485,-44.3242493844591,-2.30220251000697,0.000526019402749,84.3
-35.7545010655012,-44.3987584942952,-2.30215020970365,0.000518810739511,84.4
-35.821362286486,-44.4732712842524,-2.30209863092456,0.00051160225379,84.5
-35.8882198765059,-44.547787704505,-2.30204777365794,0.000504393943402,84.6
-35.9550738855032,-44.622307704296,-2.30199763789216,0.000497185806152,84.7
-36.0219243654865,-44.6968312342651,-2.30194822361572,0.000489977839835,84.8
-36.0887713664852,-44.7713582343422,-2.30189953081731,0.000482770042233,84.9
-36.1556149414973,-44.8458886644803,-2.30185155948573,0.000475562411117,85
-36.2224551404943,-44.920422474388,-2.30180430960995,0.000468354944245,85.1
-36.289292014495,-44.9949596044607,-2.30175778117909,0.000461147639368,85.2
-36.3561256144894,-45.069500004407,-2.30171197418239,0.000453940494223,85.3
-36.4229559924861,-45.14404363418,-2.30166688860929,0.000446733506537,85.4
-36.489783199504,-45.2185904243961,-2.30162252444935,0.000439526674026,85.5
-36.5566072854854,-45.2931403443217,-2.30157888169228,0.000432319994398,85.6
-36.6234283024969,-45.3676933241077,-2.30153596032797,0.000425113465348,85.7
-36.690246302489,-45.4422493241727,-2.30149376034644,0.000417907084561,85.8
-36.7570613345015,-45.5168082844466,-2.30145228173786,0.000410700849716,85.9
-36.8238734515035,-45.5913701644167,-2.30141152449259,0.000403494758477,86
-36.8906827044848,-45.6659349142574,-2.30137148860111,0.000396288808503,86.1
-36.9574891435041,-45.7405024641193,-2.30133217405407,0.000389082997441,86.2
-37.0242928204825,-45.8150727842003,-2.30129358084228,0.000381877322929,86.3
-37.0910937855078,-45.88964581443,-2.30125570895671,0.000374671782597,86.4
-37.1578920914908,-45.9642214942724,-2.30121855838848,0.000367466374066,86.5
-37.22468778849,-46.0387997943908,-2.30118212912887,0.000360261094948,86.6
-37.2914809274953,-46.1133806444705,-2.30114642116932,0.000353055942846,86.7
-37.3582715604862,-46.1879640044644,-2.30111143450144,0.000345850915355,86.8
-37.4250597374921,-46.2625498143025,-2.30107716911699,0.000338646010063,86.9
-37.4918455104926,-46.3371380344033,-2.3010436250079,0.000331441224549,87
-37.5586289305065,-46.411728604231,-2.30101080216625,0.000324236556383,87.1
-37.6254100484948,-46.4863214641809,-2.30097870058429,0.00031703200313,87.2
-37.6921889155055,-46.5609165844508,-2.30094732025444,0.000309827562345,87.3
-37.758965583489,-46.6355139045045,-2.30091666116926,0.000302623231577,87.4
-37.8257401025039,-46.7101133745164,-2.3008867233215,0.000295419008367,87.5
-37.8925125234819,-46.7847149344161,-2.30085750670406,0.00028821489025,87.6
-37.9592828984896,-46.8593185441569,-2.30082901131001,0.000281010874754,87.7
-38.026051278488,-46.9339241441339,-2.30080123713259,0.0002738069594,87.8
-38.092817714496,-47.0085316943005,-2.30077418416518,0.000266603141702,87.9
-38.1595822575036,-47.0831411341205,-2.30074785240136,0.000259399419169,88
-38.2263449585007,-47.157752414234,-2.30072224183485,0.000252195789301,88.1
-38.2931058694958,-47.2323654843494,-2.30069735245956,0.000244992249597,88.2
-38.3598650404892,-47.3069802941754,-2.30067318426955,0.000237788797544,88.3
-38.4266225234896,-47.3815967943519,-2.30064973725906,0.000230585430629,88.4
-38.4933783694869,-47.4562149243429,-2.30062701142249,0.00022338214633,88.5
-38.5601326284814,-47.5308346441016,-2.3006050067544,0.000216178942121,88.6
-38.6268853535003,-47.6054559042677,-2.30058372324953,0.000208975815471,88.7
-38.6936365944857,-47.6800786345266,-2.3005631609028,0.000201772763842,88.8
-38.7603864024859,-47.7547028041445,-2.30054331970928,0.000194569784694,88.9
-38.8271348294802,-47.8293283544481,-2.30052419966421,0.00018736687548,89
-38.8938819264877,-47.9039552444592,-2.30050580076302,0.00018016403365,89.1
-38.9606277435087,-47.9785833940841,-2.3004881230013,0.00017296125665,89.2
-39.0273723324935,-48.0532127842307,-2.30047116637479,0.000165758541921,89.3
-39.0941157444904,-48.127843354363,-2.30045493087943,0.000158555886898,89.4
-39.1608580315078,-48.2024750341661,-2.30043941651132,0.000151353289017,89.5
-39.2275992424984,-48.2771078040823,-2.30042462326673,0.000144150745705,89.6
-39.294339431508,-48.3517415844835,-2.30041055114211,0.00013694825439,89.7
-39.3610786464997,-48.4263763441704,-2.30039720013407,0.000129745812494,89.8
-39.4278169414902,-48.5010120244697,-2.3003845702394,0.000122543417436,89.9
-39.494554366509,-48.5756485741586,-2.30037266145505,0.000115341066633,90
-39.5612909714982,-48.6502859443426,-2.30036147377816,0.000108138757499,90.1
-39.6280268094852,-48.7249240842648,-2.30035100720604,0.000100936487445,90.2
-39.6947619304992,-48.7995629343204,-2.30034126173616,9.37342538789669E-05,90.3
-39.7614963855012,-48.8742024544627,-2.30033223736618,8.65320542076531E-05,90.4
-39.8282302264997,-48.9488425841555,-2.30032393409391,7.93298858349631E-05,90.5
-39.8949635044846,-49.0234832745045,-2.30031635191736,7.21277461629493E-05,90.6
-39.9616962694854,-49.0981244845316,-2.3003094908347,6.49256325918335E-05,90.7
-40.0284285745001,-49.1727661541663,-2.30030335084427,5.77235425201683E-05,90.8
-40.0951604684815,-49.2474082345143,-2.30029793194458,5.05214733450077E-05,90.9
-40.1618920044857,-49.3220506641083,-2.30029323413434,4.33194224620702E-05,91
-40.2286232335027,-49.3966934145428,-2.30028925741241,3.61173872659075E-05,91.1
-40.2953542044852,-49.4713364141062,-2.30028600177782,2.89153651500713E-05,91.2
-40.362084971508,-49.5459796143696,-2.3002834672298,2.17133535072769E-05,91.3
-40.4288155834947,-49.6206229743548,-2.30028165376773,1.45113497295738E-05,91.4
-40.4955460935016,-49.695266444236,-2.30028056139116,7.30935120850826E-06,91.5
-40.5622765504813,-49.7699099541642,-2.30028019009985,1.07355335289683E-07,91.6
-40.5632712564839,-49.7710226140916,-2.40767761164309,2.86770839229826E-17,0
-40.638786434487,-49.8391168541275,-2.40811400805552,-0.008584916653239,0.1
-40.7143460344814,-49.9071316444315,-2.4094237165488,-0.017185135734419,0.2
-40.7899944765086,-49.9749875543639,-2.41160828643459,-0.025815724724967,0.3
-40.8657761844806,-50.0426051444374,-2.41467027155458,-0.034491275532692,0.4
-40.9417355794867,-50.1099049742334,-2.41861318721746,-0.043225652594329,0.5
-41.0179170824995,-50.1768075944856,-2.42344144882919,-0.05203172431256,0.6
-41.0943651164998,-50.2432335843332,-2.42916029116148,-0.060921072756595,0.7
-41.1711241015,-50.3091034842655,-2.43577566694367,-0.069903677048355,0.8
-41.2482384604809,-50.3743378543295,-2.44329412323882,-0.078987566569273,0.9
-41.3257526154921,-50.4388572643511,-2.45172265389018,-0.088178441119313,1
-41.4037109864876,-50.5025822743774,-2.46106852621656,-0.097479256513067,1.1
-41.4821579965064,-50.5654334342107,-2.47133908011311,-0.106889775887539,1.2
-41.5611380674818,-50.6273313043639,-2.48254149780427,-0.116406089303094,1.3
-41.6406956205028,-50.6881964541972,-2.49468254272261,-0.126020107115814,1.4
-41.7208750775026,-50.7479494344443,-2.50776826638431,-0.135719036139115,1.5
-41.8017208594829,-50.806510804221,-2.52180368272836,-0.145484851811549,1.6
-41.8832773884933,-50.8638011245057,-2.53679241021499,-0.155293784405836,1.7
-41.9655890874856,-50.9197409641929,-2.55273628306599,-0.165115842629745,1.8
-42.0487003765011,-50.9742508642376,-2.56963493439549,-0.174914403553346,1.9
-42.132655677502,-51.0272514042445,-2.58748535562992,-0.184645903287721,2
-42.2174994134984,-51.0786631242372,-2.60628143853783,-0.194259667725074,2.1
-42.3032760045026,-51.1284066042863,-2.62601350834348,-0.203697926260537,2.2
-42.3900298734952,-51.1764023844153,-2.64666785871049,-0.212896052944606,2.3
-42.4778054415074,-51.222571044229,-2.66822630174061,-0.221783078063888,2.4
-42.5666471305012,-51.2668331242166,-2.69066574838562,-0.230282507815716,2.5
-42.6565842494892,-51.3091283543035,-2.71318245464587,-0.221512502620126,2.6
-42.7475697555055,-51.3494933443144,-2.73472678472146,-0.211388429887357,2.7
-42.8395325434976,-51.3879952142015,-2.75530226895737,-0.201390496616318,2.8
-42.9324015014863,-51.4247010741383,-2.77492067824244,-0.191554806269731,2.9
-43.0261055154842,-51.4596780641004,-2.79359590398974,-0.181908687592454,3
-43.1205734734831,-51.4929933045059,-2.81134341413557,-0.172471548059915,3.1
-43.2157342635037,-51.5247139441781,-2.82817976129501,-0.163255733327839,3.2
-43.31151677249,-51.5549070844427,-2.84412214241959,-0.154267357956621,3.3
-43.4078498864838,-51.5836398643441,-2.85918800770792,-0.145507082511398,3.4
-43.5046624944953,-51.6109794243239,-2.87339471538776,-0.136970820348256,3.5
-43.6018834825081,-51.6369928843342,-2.88675922823854,-0.128650363956327,3.6
-43.6994417384849,-51.6617473643273,-2.89929784728031,-0.120533925733424,3.7
-43.7972661484964,-51.685310004279,-2.91102597784587,-0.112606591702021,3.8
-43.8952857804834,-51.7077476740815,-2.92199203340606,-0.10759136661382,3.9
-43.9934518965019,-51.7290962440893,-2.93297082275392,-0.110978104330386,4
-44.0917591814941,-51.7493309141137,-2.94427968723481,-0.114369172357748,4.1
-44.1902073505044,-51.7684198440984,-2.95591887830823,-0.117759106722564,4.2
-44.2887961195083,-51.7863312042318,-2.96788826484513,-0.121141855778075,4.3
-44.3875252014841,-51.8030331642367,-2.98018729447444,-0.124510771010418,4.4
-44.4863943145028,-51.8184938943014,-2.99281495436905,-0.12785860312229,4.5
-44.585403172503,-51.8326815543696,-3.00576973177191,-0.131177504247131,4.6
-44.6845514904999,-51.8455643141642,-3.01904957460845,-0.134459037156269,4.7
-44.7838389854878,-51.8571103443392,-3.03265185257709,-0.137694192308706,4.8
-44.8832653714926,-51.8672878141515,-3.04657331915523,-0.140873413554448,4.9
-44.9828303635004,-51.8760648844764,-3.06081007500049,-0.143986633233603,5
-45.0825336785056,-51.8834097241052,-3.0753575332677,-0.147023317311558,5.1
-45.1823748525058,-51.8892907444388,-3.0901886773596,-0.148679508680808,5.2
-45.2823428594857,-51.8936902144924,-3.1050208002226,-0.147780462675984,5.3
-45.3824103484803,-51.8966118842363,-3.11977330717187,-0.146954756994095,5.4
-45.4825485684851,-51.8980613341555,-3.13445250516455,-0.146203063784188,5.5
-45.5827287694847,-51.8980441442691,3.13412056074184,-0.145525996842862,5.6
-45.6829222035012,-51.8965658843517,3.11956888259763,-0.144924121821553,5.7
-45.7831001184823,-51.8936321442016,3.10507133596447,-0.144397965540319,5.8
-45.8832337654894,-51.8892484945245,3.0906214539766,-0.143948024423425,5.9
-45.9832943934889,-51.8834205241874,3.076212736807,-0.143574772072458,6
-46.0832532545028,-51.8761538043618,3.06183865351395,-0.143278665992135,6.1
-46.1830815974972,-51.8674539243802,3.04749264349952,-0.143060153482515,6.2
-46.2827506714966,-51.8573264442384,3.03316811763183,-0.142919676709125,6.3
-46.3822317284939,-51.8457769644447,3.01885845908217,-0.142857676959596,6.4
-46.4814960174845,-51.8328110445291,3.00455702392784,-0.142874598091946,6.5
-46.5805159095035,-51.8184370445088,2.990431699735,-0.135938674580494,6.6
-46.6792899054999,-51.8027275144123,2.97754080112071,-0.121819279738295,6.7
-46.777842826501,-51.7858197744936,2.96606927811598,-0.107615480916096,6.8
-46.8762006544857,-51.7678539641202,2.95602149886295,-0.093363497581539,6.9
-46.9743893714913,-51.7489702245221,2.94739974557293,-0.079089853909817,7
-47.0724349585071,-51.7293087141588,2.94020482288941,-0.064812564559944,7.1
-47.170363397483,-51.7090095742606,2.93443658332909,-0.050542399205116,7.2
-47.2682006694959,-51.6882129544392,2.93009436672956,-0.036284185907941,7.3
-47.3659727564955,-51.6670590043068,2.92717735238764,-0.022038127083145,7.4
-47.4637056395004,-51.645687864162,2.92568482365767,-0.007801113198344,7.5
-47.5614253004896,-51.6242396840826,2.92561634532164,0.006431971712963,7.6
-47.6591577215004,-51.6028546243906,2.92697185417829,0.020666952278217,7.7
-47.756928883493,-51.581672814209,2.92975166316042,0.034909067460966,7.8
-47.8547647685045,-51.5608344241045,2.93395637901407,0.049161674040441,7.9
-47.9526913345035,-51.5404794542119,2.93956256016973,0.060271368383113,8
-48.0507250134833,-51.5206967042759,2.94527474162832,0.053959129640947,8.1
-48.1488579704892,-51.5014444245026,2.95035487569689,0.047638623338262,8.2
-48.2470785655023,-51.4826604444534,2.95480252497258,0.041313112192149,8.3
-48.3453751564957,-51.4642825340852,2.95861744049602,0.034985004094124,8.4
-48.4437361044984,-51.4462485043332,2.96179950843933,0.028655963625286,8.5
-48.5421497674834,-51.4284961642697,2.96434870430568,0.0223270250625,8.6
-48.64060450549,-51.4109632940963,2.96626505469966,0.015998706169138,8.7
-48.739088677481,-51.3935877042823,2.96754860669694,0.00967112230108,8.8
-48.8375906425063,-51.3763071941212,2.96819940482199,0.003344100553845,8.9
-48.739088677481,-51.3935877042823,2.96754860669694,0.00967112230108,8.8
-48.64060450549,-51.4109632940963,2.96626505469966,0.015998706169138,8.7
-48.5421497674834,-51.4284961642697,2.96434870430568,0.0223270250625,8.6
-48.4437361044984,-51.4462485043332,2.96179950843933,0.028655963625286,8.5
-48.3453751564957,-51.4642825340852,2.95861744049602,0.034985004094124,8.4
-48.2470785655023,-51.4826604444534,2.95480252497258,0.041313112192149,8.3
-48.1488579704892,-51.5014444245026,2.95035487569689,0.047638623338262,8.2
-48.0507250134833,-51.5206967042759,2.94527474162832,0.053959129640947,8.1
-47.9526913345035,-51.5404794542119,2.93956256016973,0.060271368383113,8
-47.8547647685045,-51.5608344241045,2.93395637901407,0.049161674040441,7.9
-47.756928883493,-51.581672814209,2.92975166316042,0.034909067460966,7.8
-47.6591577215004,-51.6028546243906,2.92697185417829,0.020666952278217,7.7
-47.5614253004896,-51.6242396840826,2.92561634532164,0.006431971712963,7.6
-47.4637056395004,-51.645687864162,2.92568482365767,-0.007801113198344,7.5
-47.3659727564955,-51.6670590043068,2.92717735238764,-0.022038127083145,7.4
-47.2682006694959,-51.6882129544392,2.93009436672956,-0.036284185907941,7.3
-47.170363397483,-51.7090095742606,2.93443658332909,-0.050542399205116,7.2
-47.0724349585071,-51.7293087141588,2.94020482288941,-0.064812564559944,7.1
-46.9743893714913,-51.7489702245221,2.94739974557293,-0.079089853909817,7
-46.8762006544857,-51.7678539641202,2.95602149886295,-0.093363497581539,6.9
-46.777842826501,-51.7858197744936,2.96606927811598,-0.107615480916096,6.8
-46.6792899054999,-51.8027275144123,2.97754080112071,-0.121819279738295,6.7
-46.5805159095035,-51.8184370445088,2.990431699735,-0.135938674580494,6.6
-46.4814960174845,-51.8328110445291,3.00455702392784,-0.142874598091946,6.5
-46.3822317284939,-51.8457769644447,3.01885845908217,-0.142857676959596,6.4
-46.2827506714966,-51.8573264442384,3.03316811763183,-0.142919676709125,6.3
-46.1830815974972,-51.8674539243802,3.04749264349952,-0.143060153482515,6.2
-46.0832532545028,-51.8761538043618,3.06183865351395,-0.143278665992135,6.1
-45.9832943934889,-51.8834205241874,3.076212736807,-0.143574772072458,6
-45.8832337654894,-51.8892484945245,3.0906214539766,-0.143948024423425,5.9
-45.7831001184823,-51.8936321442016,3.10507133596447,-0.144397965540319,5.8
-45.6829222035012,-51.8965658843517,3.11956888259763,-0.144924121821553,5.7
-45.5827287694847,-51.8980441442691,3.13412056074184,-0.145525996842862,5.6
-45.4825485684851,-51.8980613341555,-3.13445250516455,-0.146203063784188,5.5
-45.3824103484803,-51.8966118842363,-3.11977330717187,-0.146954756994095,5.4
-45.2823428594857,-51.8936902144924,-3.1050208002226,-0.147780462675984,5.3
-45.1823748525058,-51.8892907444388,-3.0901886773596,-0.148679508680808,5.2
-45.0825336785056,-51.8834097241052,-3.0753575332677,-0.147023317311558,5.1
-44.9828303635004,-51.8760648844764,-3.06081007500049,-0.143986633233603,5
-44.8832653714926,-51.8672878141515,-3.04657331915523,-0.140873413554448,4.9
-44.7838389854878,-51.8571103443392,-3.03265185257709,-0.137694192308706,4.8
-44.6845514904999,-51.8455643141642,-3.01904957460845,-0.134459037156269,4.7
-44.585403172503,-51.8326815543696,-3.00576973177191,-0.131177504247131,4.6
-44.4863943145028,-51.8184938943014,-2.99281495436905,-0.12785860312229,4.5
-44.3875252014841,-51.8030331642367,-2.98018729447444,-0.124510771010418,4.4
-44.2887961195083,-51.7863312042318,-2.96788826484513,-0.121141855778075,4.3
-44.1902073505044,-51.7684198440984,-2.95591887830823,-0.117759106722564,4.2
-44.0917591814941,-51.7493309141137,-2.94427968723481,-0.114369172357748,4.1
-43.9934518965019,-51.7290962440893,-2.93297082275392,-0.110978104330386,4
-43.8952857804834,-51.7077476740815,-2.92199203340606,-0.10759136661382,3.9
-43.7972661484964,-51.685310004279,-2.91102597784587,-0.112606591702021,3.8
-43.6994417384849,-51.6617473643273,-2.89929784728031,-0.120533925733424,3.7
-43.6018834825081,-51.6369928843342,-2.88675922823854,-0.128650363956327,3.6
-43.5046624944953,-51.6109794243239,-2.87339471538776,-0.136970820348256,3.5
-43.4078498864838,-51.5836398643441,-2.85918800770792,-0.145507082511398,3.4
-43.31151677249,-51.5549070844427,-2.84412214241959,-0.154267357956621,3.3
-43.2157342635037,-51.5247139441781,-2.82817976129501,-0.163255733327839,3.2
-43.1205734734831,-51.4929933045059,-2.81134341413557,-0.172471548059915,3.1
-43.0261055154842,-51.4596780641004,-2.79359590398974,-0.181908687592454,3
-42.9324015014863,-51.4247010741383,-2.77492067824244,-0.191554806269731,2.9
-42.8395325434976,-51.3879952142015,-2.75530226895737,-0.201390496616318,2.8
-42.7475697555055,-51.3494933443144,-2.73472678472146,-0.211388429887357,2.7
-42.6565842494892,-51.3091283543035,-2.71318245464587,-0.221512502620126,2.6
-42.5666471305012,-51.2668331242166,-2.69066574838562,-0.230282507815716,2.5
-42.4778054415074,-51.222571044229,-2.66822630174061,-0.221783078063888,2.4
-42.3900298734952,-51.1764023844153,-2.64666785871049,-0.212896052944606,2.3
-42.3032760045026,-51.1284066042863,-2.62601350834348,-0.203697926260537,2.2
-42.2174994134984,-51.0786631242372,-2.60628143853783,-0.194259667725074,2.1
-42.132655677502,-51.0272514042445,-2.58748535562992,-0.184645903287721,2
-42.0487003765011,-50.9742508642376,-2.56963493439549,-0.174914403553346,1.9
-41.9655890874856,-50.9197409641929,-2.55273628306599,-0.165115842629745,1.8
-41.8832773884933,-50.8638011245057,-2.53679241021499,-0.155293784405836,1.7
-41.8017208594829,-50.806510804221,-2.52180368272836,-0.145484851811549,1.6
-41.7208750775026,-50.7479494344443,-2.50776826638431,-0.135719036139115,1.5
-41.6406956205028,-50.6881964541972,-2.49468254272261,-0.126020107115814,1.4
-41.5611380674818,-50.6273313043639,-2.48254149780427,-0.116406089303094,1.3
-41.4821579965064,-50.5654334342107,-2.47133908011311,-0.106889775887539,1.2
-41.4037109864876,-50.5025822743774,-2.46106852621656,-0.097479256513067,1.1
-41.3257526154921,-50.4388572643511,-2.45172265389018,-0.088178441119313,1
-41.2482384604809,-50.3743378543295,-2.44329412323882,-0.078987566569273,0.9
-41.1711241015,-50.3091034842655,-2.43577566694367,-0.069903677048355,0.8
-41.0943651164998,-50.2432335843332,-2.42916029116148,-0.060921072756595,0.7
-41.0179170824995,-50.1768075944856,-2.42344144882919,-0.05203172431256,0.6
-40.9417355794867,-50.1099049742334,-2.41861318721746,-0.043225652594329,0.5
-40.8657761844806,-50.0426051444374,-2.41467027155458,-0.034491275532692,0.4
-40.7899944765086,-49.9749875543639,-2.41160828643459,-0.025815724724967,0.3
-40.7143460344814,-49.9071316444315,-2.4094237165488,-0.017185135734419,0.2
-40.638786434487,-49.8391168541275,-2.40811400805552,-0.008584916653239,0.1
-40.5632712564839,-49.7710226140916,-2.40767761164309,2.86770839229826E-17,0
-40.5632712564839,-49.7710226140916,-2.30839251298444,0,0
-40.6305223394884,-49.8450313443318,-2.30839251298444,0,0.1
-40.6977734215034,-49.9190400741063,-2.30839251298444,0,0.2
-40.7650245045079,-49.9930488043465,-2.30839251298444,0,0.3
-40.8322755864938,-50.067057534121,-2.30839251298444,0,0.4
-40.8995266685088,-50.1410662643611,-2.30839251298444,0,0.5
-40.9667777514842,-50.2150749843568,-2.30839251298444,0,0.6
-41.0340288334992,-50.2890837141313,-2.30839251298444,0,0.7
-41.1012799165037,-50.3630924443714,-2.30839251298444,0,0.8
-41.1685309984896,-50.4371011741459,-2.30839251298444,0,0.9
-41.2357820814941,-50.5111099043861,-2.30839251298444,0,1
-41.30303316348,-50.5851186341606,-2.30839251298444,0,1.1
-41.3702842464845,-50.6591273644008,-2.30839251298444,0,1.2
-41.4375353284995,-50.7331360843964,-2.30839251298444,0,1.3
-41.5047864104854,-50.8071448141709,-2.30839251298444,0,1.4
-41.5720374934899,-50.8811535444111,-2.30839251298444,0,1.5
-41.6392885755049,-50.9551622741856,-2.30839251298444,0,1.6
-41.7065396584803,-51.0291710044257,-2.30839251298444,0,1.7
-41.7737907404953,-51.1031797342002,-2.30839251298444,0,1.8
-41.8410418224812,-51.1771884644404,-2.30839251298444,0,1.9
-41.9082929054857,-51.251197184436,-2.30839251298444,0,2
-41.9755439875007,-51.3252059142105,-2.30839251298444,0,2.1
-42.0427950705052,-51.3992146444507,-2.30839251298444,0,2.2
-42.1100461524911,-51.4732233742252,-2.30839251298444,0,2.3
-42.1772972354956,-51.5472321044654,-2.30839251298444,0,2.4
-42.2445483174815,-51.6212408342399,-2.30839251298444,0,2.5
-42.3117994004861,-51.69524956448,-2.30839251298444,0,2.6
-42.379050482501,-51.7692582844757,-2.30839251298444,0,2.7
-42.4463015644869,-51.8432670142502,-2.30839251298444,0,2.8
-42.5135526474915,-51.9172757444903,-2.30839251298444,0,2.9
-42.5808037295064,-51.9912844742648,-2.30839251298444,0,3
-42.6480548124819,-52.065293204505,-2.30839251298444,0,3.1
-42.7153058944969,-52.1393019342795,-2.30839251298444,0,3.2
-42.7825569775014,-52.2133106645197,-2.30839251298444,0,3.3
-42.8498080594873,-52.2873193942942,-2.30839251298444,0,3.4
-42.9170591415023,-52.3613281142898,-2.30839251298444,0,3.5
-42.9843102245068,-52.43533684453,-2.30839251298444,0,3.6
-43.0515613064927,-52.5093455743045,-2.30839251298444,0,3.7
-43.1188123894972,-52.5833543045446,-2.30839251298444,0,3.8
-43.1860634714831,-52.6573630343191,-2.30839251298444,0,3.9
-43.2533145544876,-52.7313717640936,-2.30839251298444,0,4
-43.3205656365026,-52.8053804943338,-2.30839251298444,0,4.1
-43.3878167184885,-52.8793892143294,-2.30839251298444,0,4.2
-43.455067801493,-52.9533979441039,-2.30839251298444,0,4.3
-43.522318883508,-53.0274066743441,-2.30839251298444,0,4.4
-43.5895699664834,-53.1014154041186,-2.30839251298444,0,4.5
-43.6568210484984,-53.1754241343588,-2.30839251298444,0,4.6
-43.7240721315029,-53.2494328641333,-2.30839251298444,0,4.7
-43.7913232134888,-53.3234415943734,-2.30839251298444,0,4.8
-43.8585742955038,-53.3974503143691,-2.30839251298444,0,4.9
-43.9258253785083,-53.4714590441436,-2.30839251298444,0,5
-43.9930764604942,-53.5454677743837,-2.30839251298444,0,5.1
-44.0603275434987,-53.6194765041582,-2.30839251298444,0,5.2
-44.1275786254846,-53.6934852343984,-2.30839251298444,0,5.3
-44.1948297084891,-53.7674939641729,-2.30839251298444,0,5.4
-44.2620807905041,-53.8415026944131,-2.30839251298444,0,5.5
-44.32933187249,-53.9155114144087,-2.30839251298444,0,5.6
-44.3965829554945,-53.9895201441832,-2.30839251298444,0,5.7
-44.4638340374804,-54.0635288744234,-2.30839251298444,0,5.8
-44.5310851204849,-54.1375376041979,-2.30839251298444,0,5.9
-44.5983362024999,-54.211546334438,-2.30839251298444,0,6
-44.6655872855044,-54.2855550642125,-2.30839251298444,0,6.1
-44.7328383674903,-54.3595637944527,-2.30839251298444,0,6.2
-44.8000894495053,-54.4335725242272,-2.30839251298444,0,6.3
-44.8673405324807,-54.5075812442228,-2.30839251298444,0,6.4
-44.9345916144957,-54.581589974463,-2.30839251298444,0,6.5
-45.0018426975003,-54.6555987042375,-2.30839251298444,0,6.6
-45.0690937794861,-54.7296074344777,-2.30839251298444,0,6.7
-45.1363448624907,-54.8036161642522,-2.30839251298444,0,6.8
-45.2035959445057,-54.8776248944923,-2.30839251298444,0,6.9
-45.2708470264915,-54.9516336242668,-2.30839251298444,0,7
-45.3380981094961,-55.0256423442625,-2.30839251298444,0,7.1
-45.405349191482,-55.0996510745026,-2.30839251298444,0,7.2
-45.4726002744865,-55.1736598042771,-2.30839251298444,0,7.3
-45.5398513565015,-55.2476685345173,-2.30839251298444,0,7.4
-45.607102439506,-55.3216772642918,-2.30839251298444,0,7.5
-45.6743535214919,-55.395685994532,-2.30839251298444,0,7.6
-45.7416046035069,-55.4696947243065,-2.30839251298444,0,7.7
-45.8088556864823,-55.5437034443021,-2.30839251298444,0,7.8
-45.8761067684973,-55.6177121745422,-2.30839251298444,0,7.9
-45.9433578515018,-55.6917209043168,-2.30839251298444,0,8
-46.0106089334877,-55.7657296340913,-2.30839251298444,0,8.1
-46.0778600164922,-55.8397383643314,-2.30839251298444,0,8.2
-46.1451110985072,-55.9137470941059,-2.30839251298444,0,8.3
-46.2123621804931,-55.9877558243461,-2.30839251298444,0,8.4
-46.2796132634976,-56.0617645443417,-2.30839251298444,0,8.5
-46.3468643454835,-56.1357732741162,-2.30839251298444,0,8.6
-46.414115428488,-56.2097820043564,-2.30839251298444,0,8.7
-46.481366510503,-56.2837907341309,-2.30839251298444,0,8.8
-46.5486175935075,-56.3577994643711,-2.30839251298444,0,8.9
-46.6158686754934,-56.4318081941456,-2.30839251298444,0,9
-46.6831197575084,-56.5058169243857,-2.30839251298444,0,9.1
-46.7503708404838,-56.5798256541602,-2.30839251298444,0,9.2
-46.8176219224988,-56.6538343741559,-2.30839251298444,0,9.3
-46.8848730055033,-56.727843104396,-2.30839251298444,0,9.4
-46.9521240874892,-56.8018518341705,-2.30839251298444,0,9.5
-47.0193751704937,-56.8758605644107,-2.30839251298444,0,9.6
-47.0866262525087,-56.9498692941852,-2.30839251298444,0,9.7
-47.1538773344946,-57.0238780244254,-2.30839251298444,0,9.8
-47.2211284174991,-57.0978867541999,-2.30839251298444,0,9.9
-47.288379499485,-57.1718954741955,-2.30839251298444,0,10
-47.3556305824895,-57.2459042044356,-2.30839251298444,0,10.1
-47.4228816645045,-57.3199129342102,-2.30839251298444,0,10.2
-47.4901327475091,-57.3939216644503,-2.30839251298444,0,10.3
-47.5573838294949,-57.4679303942248,-2.30839251298444,0,10.4
-47.6246349114808,-57.541939124465,-2.30839251298444,0,10.5
-47.6918859944854,-57.6159478542395,-2.30839251298444,0,10.6
-47.7591370765003,-57.6899565742351,-2.30839251298444,0,10.7
-47.8263881595049,-57.7639653044753,-2.30839251298444,0,10.8
-47.8936392414907,-57.8379740342498,-2.30839251298444,0,10.9
-47.9608903244953,-57.91198276449,-2.30839251298444,0,11
-48.0281414064812,-57.9859914942645,-2.30839251298444,0,11.1
-48.0953924884962,-58.0600002245046,-2.30839251298444,0,11.2
-48.1626435715007,-58.1340089542791,-2.30839251298444,0,11.3
-48.2298946534866,-58.2080176845193,-2.30839251298444,0,11.4
-48.2971457364911,-58.2820264045149,-2.30839251298444,0,11.5
-48.3643968185061,-58.3560351342894,-2.30839251298444,0,11.6
-48.4316479014815,-58.4300438645296,-2.30839251298444,0,11.7
-48.4988989834965,-58.5040525943041,-2.30839251298444,0,11.8
-48.5661500654824,-58.5780613245443,-2.30839251298444,0,11.9
-48.6334011484869,-58.6520700543188,-2.30839251298444,0,12
-48.7006522305019,-58.7260787840933,-2.30839251298444,0,12.1
-48.7679033135064,-58.8000875040889,-2.30839251298444,0,12.2
-48.8351543954923,-58.874096234329,-2.30839251298444,0,12.3
-48.9024054784968,-58.9481049641036,-2.30839251298444,0,12.4
-48.9696565604827,-59.0221136943437,-2.30839251298444,0,12.5
-49.0369076424977,-59.0961224241182,-2.30839251298444,0,12.6
-49.1041587255022,-59.1701311543584,-2.30839251298444,0,12.7
-49.1714098074881,-59.2441398841329,-2.30839251298444,0,12.8
-49.2386608904926,-59.3181486041285,-2.30839251298444,0,12.9
-49.3059119725076,-59.3921573343687,-2.30839251298444,0,13
-49.373163055483,-59.4661660641432,-2.30839251298444,0,13.1
-49.440414137498,-59.5401747943834,-2.30839251298444,0,13.2
-49.5076652194839,-59.6141835241579,-2.30839251298444,0,13.3
-49.5749163024884,-59.688192254398,-2.30839251298444,0,13.4
-49.6421673845034,-59.7622009841725,-2.30839251298444,0,13.5
-49.7094184675079,-59.8362097041681,-2.30839251298444,0,13.6
-49.7766695494938,-59.9102184344083,-2.30839251298444,0,13.7
-49.8439206324983,-59.9842271641828,-2.30839251298444,0,13.8
-49.9111717144842,-60.058235894423,-2.30839251298444,0,13.9
-49.9784227964992,-60.1322446241975,-2.30839251298444,0,14
-50.0456738795037,-60.2062533544377,-2.30839251298444,0,14.1
-50.1129249614896,-60.2802620842122,-2.30839251298444,0,14.2
-50.1801760444941,-60.3542708144523,-2.30839251298444,0,14.3
-50.24742712648,-60.4282795344479,-2.30839251298444,0,14.4
-50.3146782094846,-60.5022882642224,-2.30839251298444,0,14.5
-50.3819292914996,-60.5762969944626,-2.30839251298444,0,14.6
-50.4491803734854,-60.6503057242371,-2.30839251298444,0,14.7
-50.51643145649,-60.7243144544773,-2.30839251298444,0,14.8
-50.5836825385049,-60.7983231842518,-2.30839251298444,0,14.9
-50.6509336214804,-60.872331914492,-2.30839251298444,0,15
-50.7181847034954,-60.9463406344876,-2.30839251298444,0,15.1
-50.7854357864999,-61.0203493642621,-2.30839251298444,0,15.2
-50.8526868684858,-61.0943580945022,-2.30839251298444,0,15.3
-50.9199379505008,-61.1683668242767,-2.30839251298444,0,15.4
-50.9871890335053,-61.2423755545169,-2.30839251298444,0,15.5
-51.0544401154912,-61.3163842842914,-2.30839251298444,0,15.6
-51.1216911984957,-61.3903930145316,-2.30839251298444,0,15.7
-51.1889422804816,-61.4644017345272,-2.30839251298444,0,15.8
-51.2561933634861,-61.5384104643017,-2.30839251298444,0,15.9
-51.3234444455011,-61.6124191945419,-2.30839251298444,0,16
-51.390695527487,-61.6864279243164,-2.30839251298444,0,16.1
-51.4579466104915,-61.7604366540909,-2.30839251298444,0,16.2
-51.5251976925065,-61.8344453843311,-2.30839251298444,0,16.3
-51.5924487754819,-61.9084541141056,-2.30839251298444,0,16.4
-51.6596998574969,-61.9824628341012,-2.30839251298444,0,16.5
-51.7269509405014,-62.0564715643413,-2.30839251298444,0,16.6
-51.7942020224873,-62.1304802941158,-2.30839251298444,0,16.7
-51.8614531045023,-62.204489024356,-2.30839251298444,0,16.8
-51.9287041875068,-62.2784977541305,-2.30839251298444,0,16.9
-51.9959552694927,-62.3525064843707,-2.30839251298444,0,17
-52.0632063524972,-62.4265152141452,-2.30839251298444,0,17.1
-52.1304574344831,-62.5005239443854,-2.30839251298444,0,17.2
-52.1977085174876,-62.574532664381,-2.30839251298444,0,17.3
-52.2649595995026,-62.6485413941555,-2.30839251298444,0,17.4
-52.3322106814885,-62.7225501243956,-2.30839251298444,0,17.5
-52.399461764493,-62.7965588541701,-2.30839251298444,0,17.6
-52.466712846508,-62.8705675844103,-2.30839251298444,0,17.7
-52.5339639294834,-62.9445763141848,-2.30839251298444,0,17.8
-52.6012150114984,-63.018585044425,-2.30839251298444,0,17.9
-52.668466094503,-63.0925937644206,-2.30839251298444,0,18
-52.7357171764888,-63.1666024941951,-2.30839251298444,0,18.1
-52.8029682585038,-63.2406112244353,-2.30839251298444,0,18.2
-52.8702193415083,-63.3146199542098,-2.30839251298444,0,18.3
-52.9374704234942,-63.3886286844499,-2.30839251298444,0,18.4
-53.0047215064988,-63.4626374142245,-2.30839251298444,0,18.5
-53.0719725884846,-63.5366461444646,-2.30839251298444,0,18.6
-53.1392236714892,-63.6106548644602,-2.30839251298444,0,18.7
-53.2064747535042,-63.6846635942347,-2.30839251298444,0,18.8
-53.27372583549,-63.7586723244749,-2.30839251298444,0,18.9
-53.3409769184946,-63.8326810542494,-2.30839251298444,0,19
-53.4082280004805,-63.9066897844896,-2.30839251298444,0,19.1
-53.475479083485,-63.9806985142641,-2.30839251298444,0,19.2
-53.5427301655,-64.0547072445042,-2.30839251298444,0,19.3
-53.6099812485045,-64.1287159644999,-2.30839251298444,0,19.4
-53.6772323304904,-64.2027246942744,-2.30839251298444,0,19.5
-53.7444834125054,-64.2767334245145,-2.30839251298444,0,19.6
-53.8117344954808,-64.350742154289,-2.30839251298444,0,19.7
-53.8789855774958,-64.4247508845292,-2.30839251298444,0,19.8
-53.9462366605003,-64.4987596143037,-2.30839251298444,0,19.9
-54.0134877424862,-64.5727683445439,-2.30839251298444,0,20
-54.0807388254907,-64.6467770743184,-2.30839251298444,0,20.1
-54.1479899075057,-64.720785794314,-2.30839251298444,0,20.2
-54.2152409904811,-64.7947945240885,-2.30839251298444,0,20.3
-54.2824920724961,-64.8688032543287,-2.30839251298444,0,20.4
-54.349743154482,-64.9428119841032,-2.30839251298444,0,20.5
-54.4169942374865,-65.0168207143433,-2.30839251298444,0,20.6
-54.4842453195015,-65.0908294441178,-2.30839251298444,0,20.7
-54.551496402506,-65.164838174358,-2.30839251298444,0,20.8
-54.6187474844919,-65.2388468943536,-2.30839251298444,0,20.9
-54.6859985674964,-65.3128556241281,-2.30839251298444,0,21
-54.7532496494823,-65.3868643543683,-2.30839251298444,0,21.1
-54.8205007314973,-65.4608730841428,-2.30839251298444,0,21.2
-54.8877518145018,-65.534881814383,-2.30839251298444,0,21.3
-54.9550028964877,-65.6088905441575,-2.30839251298444,0,21.4
-55.0222539794922,-65.6828992743976,-2.30839251298444,0,21.5
-55.0895050615072,-65.7569079943933,-2.30839251298444,0,21.6
-55.1567561444826,-65.8309167241678,-2.30839251298444,0,21.7
-55.2240072264976,-65.9049254544079,-2.30839251298444,0,21.8
-55.2912583084835,-65.9789341841824,-2.30839251298444,0,21.9
-55.358509391488,-66.0529429144226,-2.30839251298444,0,22
-55.425760473503,-66.1269516441971,-2.30839251298444,0,22.1
-55.4930115565076,-66.2009603744373,-2.30839251298444,0,22.2
-55.5602626384934,-66.2749691042118,-2.30839251298444,0,22.3
-55.6275137205084,-66.3489778242074,-2.30839251298444,0,22.4
-55.6947648034839,-66.4229865544476,-2.30839251298444,0,22.5
-55.7620158854988,-66.4969952842221,-2.30839251298444,0,22.6
-55.8292669685034,-66.5710040144622,-2.30839251298444,0,22.7
-55.8965180504893,-66.6450127442367,-2.30839251298444,0,22.8
-55.9637691334938,-66.7190214744769,-2.30839251298444,0,22.9
-56.0310202155088,-66.7930301944725,-2.30839251298444,0,23
-56.0982712984842,-66.867038924247,-2.30839251298444,0,23.1
-56.1655223804992,-66.9410476544872,-2.30839251298444,0,23.2
-56.2327734624851,-67.0150563842617,-2.30839251298444,0,23.3
-56.3000245454896,-67.0890651145019,-2.30839251298444,0,23.4
-56.3672756275046,-67.1630738442764,-2.30839251298444,0,23.5
-56.43452671048,-67.2370825745165,-2.30839251298444,0,23.6
-56.501777792495,-67.311091304291,-2.30839251298444,0,23.7
-56.5690288754995,-67.3851000242867,-2.30839251298444,0,23.8
-56.6362799574854,-67.4591087545268,-2.30839251298444,0,23.9
-56.7035310395004,-67.5331174843013,-2.30839251298444,0,24
-56.7707821225049,-67.6071262145415,-2.30839251298444,0,24.1
-56.8380332044908,-67.681134944316,-2.30839251298444,0,24.2
-56.9052842874953,-67.7551436740905,-2.30839251298444,0,24.3
-56.9725353694812,-67.8291524043307,-2.30839251298444,0,24.4
-57.0397864524857,-67.9031611243263,-2.30839251298444,0,24.5
-57.1070375345007,-67.9771698541008,-2.30839251298444,0,24.6
-57.1742886164866,-68.051178584341,-2.30839251298444,0,24.7
-57.2415396994911,-68.1251873141155,-2.30839251298444,0,24.8
-57.3087907815061,-68.1991960443556,-2.30839251298444,0,24.9
-57.3760418644815,-68.2732047741301,-2.30839251298444,0,25
